,id,score,transform params,classifier params,ds_idx,trf_idx,clf_idx,ts
0,0,0.5021468511099545,,"{'max_features': 'sqrt', 'class_weight': 'balanced', 'min_samples_leaf': 1, 'n_estimators': 5, 'max_depth': 5}",0,0,0,2024-03-09 16:19:51.318167
1,1,0.45087909079157024,,"{'max_features': 'sqrt', 'class_weight': 'balanced', 'min_samples_leaf': 1, 'n_estimators': 5, 'max_depth': 10}",0,0,1,2024-03-09 16:19:51.574219
2,2,0.4421649123876438,,"{'max_features': 'sqrt', 'class_weight': 'balanced', 'min_samples_leaf': 1, 'n_estimators': 5, 'max_depth': 15}",0,0,2,2024-03-09 16:19:51.726156
3,3,0.3978888711197925,,"{'max_features': 'sqrt', 'class_weight': 'balanced', 'min_samples_leaf': 1, 'n_estimators': 5, 'max_depth': 20}",0,0,3,2024-03-09 16:19:51.917235
4,4,0.4643337872905883,,"{'max_features': 'sqrt', 'class_weight': 'balanced', 'min_samples_leaf': 1, 'n_estimators': 5, 'max_depth': 25}",0,0,4,2024-03-09 16:19:52.081321
5,5,0.4812441752096924,,"{'max_features': 'sqrt', 'class_weight': 'balanced', 'min_samples_leaf': 1, 'n_estimators': 5, 'max_depth': 30}",0,0,5,2024-03-09 16:19:52.250973
6,6,0.5198496096837328,,"{'max_features': 'sqrt', 'class_weight': 'balanced', 'min_samples_leaf': 1, 'n_estimators': 10, 'max_depth': 5}",0,0,6,2024-03-09 16:19:52.530702
7,7,0.5075917013350735,,"{'max_features': 'sqrt', 'class_weight': 'balanced', 'min_samples_leaf': 1, 'n_estimators': 10, 'max_depth': 10}",0,0,7,2024-03-09 16:19:52.810922
8,8,0.5696346169980704,,"{'max_features': 'sqrt', 'class_weight': 'balanced', 'min_samples_leaf': 1, 'n_estimators': 10, 'max_depth': 15}",0,0,8,2024-03-09 16:19:53.276323
9,9,0.47279635225555794,,"{'max_features': 'sqrt', 'class_weight': 'balanced', 'min_samples_leaf': 1, 'n_estimators': 10, 'max_depth': 20}",0,0,9,2024-03-09 16:19:53.601242
10,10,0.5221713505074161,,"{'max_features': 'sqrt', 'class_weight': 'balanced', 'min_samples_leaf': 1, 'n_estimators': 10, 'max_depth': 25}",0,0,10,2024-03-09 16:19:53.925690
11,11,0.51816309786756,,"{'max_features': 'sqrt', 'class_weight': 'balanced', 'min_samples_leaf': 1, 'n_estimators': 10, 'max_depth': 30}",0,0,11,2024-03-09 16:19:54.328619
12,12,0.6499079673689362,,"{'max_features': 'sqrt', 'class_weight': 'balanced', 'min_samples_leaf': 1, 'n_estimators': 20, 'max_depth': 5}",0,0,12,2024-03-09 16:19:54.777675
13,13,0.6086167103265864,,"{'max_features': 'sqrt', 'class_weight': 'balanced', 'min_samples_leaf': 1, 'n_estimators': 20, 'max_depth': 10}",0,0,13,2024-03-09 16:19:55.344624
14,14,0.5904127843943698,,"{'max_features': 'sqrt', 'class_weight': 'balanced', 'min_samples_leaf': 1, 'n_estimators': 20, 'max_depth': 15}",0,0,14,2024-03-09 16:19:56.138020
15,15,0.6139113770288012,,"{'max_features': 'sqrt', 'class_weight': 'balanced', 'min_samples_leaf': 1, 'n_estimators': 20, 'max_depth': 20}",0,0,15,2024-03-09 16:19:56.944557
16,16,0.6009154647250576,,"{'max_features': 'sqrt', 'class_weight': 'balanced', 'min_samples_leaf': 1, 'n_estimators': 20, 'max_depth': 25}",0,0,16,2024-03-09 16:19:57.701510
17,17,0.622591751820586,,"{'max_features': 'sqrt', 'class_weight': 'balanced', 'min_samples_leaf': 1, 'n_estimators': 20, 'max_depth': 30}",0,0,17,2024-03-09 16:19:58.132746
18,18,0.691269550342131,,"{'max_features': 'sqrt', 'class_weight': 'balanced', 'min_samples_leaf': 1, 'n_estimators': 30, 'max_depth': 5}",0,0,18,2024-03-09 16:19:58.689209
19,19,0.6426195407310515,,"{'max_features': 'sqrt', 'class_weight': 'balanced', 'min_samples_leaf': 1, 'n_estimators': 30, 'max_depth': 10}",0,0,19,2024-03-09 16:19:59.373325
20,20,0.6877001797326224,,"{'max_features': 'sqrt', 'class_weight': 'balanced', 'min_samples_leaf': 1, 'n_estimators': 30, 'max_depth': 15}",0,0,20,2024-03-09 16:19:59.921077
21,21,0.6143267620890152,,"{'max_features': 'sqrt', 'class_weight': 'balanced', 'min_samples_leaf': 1, 'n_estimators': 30, 'max_depth': 20}",0,0,21,2024-03-09 16:20:00.536869
22,22,0.7002389295954125,,"{'max_features': 'sqrt', 'class_weight': 'balanced', 'min_samples_leaf': 1, 'n_estimators': 30, 'max_depth': 25}",0,0,22,2024-03-09 16:20:01.026349
23,23,0.5719360413495688,,"{'max_features': 'sqrt', 'class_weight': 'balanced', 'min_samples_leaf': 1, 'n_estimators': 30, 'max_depth': 30}",0,0,23,2024-03-09 16:20:01.582716
24,24,0.6732087312741094,,"{'max_features': 'sqrt', 'class_weight': 'balanced', 'min_samples_leaf': 1, 'n_estimators': 40, 'max_depth': 5}",0,0,24,2024-03-09 16:20:02.057529
25,25,0.7124844534541498,,"{'max_features': 'sqrt', 'class_weight': 'balanced', 'min_samples_leaf': 1, 'n_estimators': 40, 'max_depth': 10}",0,0,25,2024-03-09 16:20:02.759632
26,26,0.681746723063074,,"{'max_features': 'sqrt', 'class_weight': 'balanced', 'min_samples_leaf': 1, 'n_estimators': 40, 'max_depth': 15}",0,0,26,2024-03-09 16:20:03.549422
27,27,0.6568059440559441,,"{'max_features': 'sqrt', 'class_weight': 'balanced', 'min_samples_leaf': 1, 'n_estimators': 40, 'max_depth': 20}",0,0,27,2024-03-09 16:20:04.269511
28,28,0.6596282515347263,,"{'max_features': 'sqrt', 'class_weight': 'balanced', 'min_samples_leaf': 1, 'n_estimators': 40, 'max_depth': 25}",0,0,28,2024-03-09 16:20:04.994206
29,29,0.6694127321981425,,"{'max_features': 'sqrt', 'class_weight': 'balanced', 'min_samples_leaf': 1, 'n_estimators': 40, 'max_depth': 30}",0,0,29,2024-03-09 16:20:05.711376
30,30,0.7204238861980818,,"{'max_features': 'sqrt', 'class_weight': 'balanced', 'min_samples_leaf': 1, 'n_estimators': 50, 'max_depth': 5}",0,0,30,2024-03-09 16:20:06.286516
31,31,0.6795774647887324,,"{'max_features': 'sqrt', 'class_weight': 'balanced', 'min_samples_leaf': 1, 'n_estimators': 50, 'max_depth': 10}",0,0,31,2024-03-09 16:20:06.989429
32,32,0.7240891882159862,,"{'max_features': 'sqrt', 'class_weight': 'balanced', 'min_samples_leaf': 1, 'n_estimators': 50, 'max_depth': 15}",0,0,32,2024-03-09 16:20:08.179172
33,33,0.653457811125787,,"{'max_features': 'sqrt', 'class_weight': 'balanced', 'min_samples_leaf': 1, 'n_estimators': 50, 'max_depth': 20}",0,0,33,2024-03-09 16:20:09.054401
34,34,0.6654078704977604,,"{'max_features': 'sqrt', 'class_weight': 'balanced', 'min_samples_leaf': 1, 'n_estimators': 50, 'max_depth': 25}",0,0,34,2024-03-09 16:20:11.417052
35,35,0.7226178861788618,,"{'max_features': 'sqrt', 'class_weight': 'balanced', 'min_samples_leaf': 1, 'n_estimators': 50, 'max_depth': 30}",0,0,35,2024-03-09 16:20:13.644030
36,36,0.48605555321627575,,"{'max_features': 'sqrt', 'class_weight': 'balanced', 'min_samples_leaf': 5, 'n_estimators': 5, 'max_depth': 5}",0,0,36,2024-03-09 16:20:13.829194
37,37,0.48657063588776744,,"{'max_features': 'sqrt', 'class_weight': 'balanced', 'min_samples_leaf': 5, 'n_estimators': 5, 'max_depth': 10}",0,0,37,2024-03-09 16:20:14.024054
38,38,0.5155986242201248,,"{'max_features': 'sqrt', 'class_weight': 'balanced', 'min_samples_leaf': 5, 'n_estimators': 5, 'max_depth': 15}",0,0,38,2024-03-09 16:20:14.258016
39,39,0.47778442449103464,,"{'max_features': 'sqrt', 'class_weight': 'balanced', 'min_samples_leaf': 5, 'n_estimators': 5, 'max_depth': 20}",0,0,39,2024-03-09 16:20:14.521462
40,40,0.4532952615791347,,"{'max_features': 'sqrt', 'class_weight': 'balanced', 'min_samples_leaf': 5, 'n_estimators': 5, 'max_depth': 25}",0,0,40,2024-03-09 16:20:14.785532
41,41,0.4920400390258546,,"{'max_features': 'sqrt', 'class_weight': 'balanced', 'min_samples_leaf': 5, 'n_estimators': 5, 'max_depth': 30}",0,0,41,2024-03-09 16:20:15.013287
42,42,0.5381472394649414,,"{'max_features': 'sqrt', 'class_weight': 'balanced', 'min_samples_leaf': 5, 'n_estimators': 10, 'max_depth': 5}",0,0,42,2024-03-09 16:20:15.397257
43,43,0.5672507746850468,,"{'max_features': 'sqrt', 'class_weight': 'balanced', 'min_samples_leaf': 5, 'n_estimators': 10, 'max_depth': 10}",0,0,43,2024-03-09 16:20:15.878942
44,44,0.5819376802177917,,"{'max_features': 'sqrt', 'class_weight': 'balanced', 'min_samples_leaf': 5, 'n_estimators': 10, 'max_depth': 15}",0,0,44,2024-03-09 16:20:16.347291
45,45,0.5153383781410075,,"{'max_features': 'sqrt', 'class_weight': 'balanced', 'min_samples_leaf': 5, 'n_estimators': 10, 'max_depth': 20}",0,0,45,2024-03-09 16:20:16.777864
46,46,0.5595650922154042,,"{'max_features': 'sqrt', 'class_weight': 'balanced', 'min_samples_leaf': 5, 'n_estimators': 10, 'max_depth': 25}",0,0,46,2024-03-09 16:20:17.163848
47,47,0.5782875133524483,,"{'max_features': 'sqrt', 'class_weight': 'balanced', 'min_samples_leaf': 5, 'n_estimators': 10, 'max_depth': 30}",0,0,47,2024-03-09 16:20:17.527036
48,48,0.5859235536632019,,"{'max_features': 'sqrt', 'class_weight': 'balanced', 'min_samples_leaf': 5, 'n_estimators': 20, 'max_depth': 5}",0,0,48,2024-03-09 16:20:18.000982
49,49,0.6406755289078122,,"{'max_features': 'sqrt', 'class_weight': 'balanced', 'min_samples_leaf': 5, 'n_estimators': 20, 'max_depth': 10}",0,0,49,2024-03-09 16:20:18.705959
50,50,0.6414095804005155,,"{'max_features': 'sqrt', 'class_weight': 'balanced', 'min_samples_leaf': 5, 'n_estimators': 20, 'max_depth': 15}",0,0,50,2024-03-09 16:20:19.574148
51,51,0.6210326904876358,,"{'max_features': 'sqrt', 'class_weight': 'balanced', 'min_samples_leaf': 5, 'n_estimators': 20, 'max_depth': 20}",0,0,51,2024-03-09 16:20:20.241786
52,52,0.6526873335110219,,"{'max_features': 'sqrt', 'class_weight': 'balanced', 'min_samples_leaf': 5, 'n_estimators': 20, 'max_depth': 25}",0,0,52,2024-03-09 16:20:20.851716
53,53,0.6611747030934043,,"{'max_features': 'sqrt', 'class_weight': 'balanced', 'min_samples_leaf': 5, 'n_estimators': 20, 'max_depth': 30}",0,0,53,2024-03-09 16:20:21.369225
54,54,0.712221701167906,,"{'max_features': 'sqrt', 'class_weight': 'balanced', 'min_samples_leaf': 5, 'n_estimators': 30, 'max_depth': 5}",0,0,54,2024-03-09 16:20:22.153368
55,55,0.7075859674251549,,"{'max_features': 'sqrt', 'class_weight': 'balanced', 'min_samples_leaf': 5, 'n_estimators': 30, 'max_depth': 10}",0,0,55,2024-03-09 16:20:22.988480
56,56,0.6703127794824535,,"{'max_features': 'sqrt', 'class_weight': 'balanced', 'min_samples_leaf': 5, 'n_estimators': 30, 'max_depth': 15}",0,0,56,2024-03-09 16:20:23.914129
57,57,0.6637236851919818,,"{'max_features': 'sqrt', 'class_weight': 'balanced', 'min_samples_leaf': 5, 'n_estimators': 30, 'max_depth': 20}",0,0,57,2024-03-09 16:20:24.714872
58,58,0.6879898866112101,,"{'max_features': 'sqrt', 'class_weight': 'balanced', 'min_samples_leaf': 5, 'n_estimators': 30, 'max_depth': 25}",0,0,58,2024-03-09 16:20:25.611533
59,59,0.6943643488792525,,"{'max_features': 'sqrt', 'class_weight': 'balanced', 'min_samples_leaf': 5, 'n_estimators': 30, 'max_depth': 30}",0,0,59,2024-03-09 16:20:26.564595
60,60,0.6910870679970849,,"{'max_features': 'sqrt', 'class_weight': 'balanced', 'min_samples_leaf': 5, 'n_estimators': 40, 'max_depth': 5}",0,0,60,2024-03-09 16:20:27.462527
61,61,0.6780114554782486,,"{'max_features': 'sqrt', 'class_weight': 'balanced', 'min_samples_leaf': 5, 'n_estimators': 40, 'max_depth': 10}",0,0,61,2024-03-09 16:20:28.661197
62,62,0.7462995724605631,,"{'max_features': 'sqrt', 'class_weight': 'balanced', 'min_samples_leaf': 5, 'n_estimators': 40, 'max_depth': 15}",0,0,62,2024-03-09 16:20:29.651317
63,63,0.7264861218912047,,"{'max_features': 'sqrt', 'class_weight': 'balanced', 'min_samples_leaf': 5, 'n_estimators': 40, 'max_depth': 20}",0,0,63,2024-03-09 16:20:30.460034
64,64,0.7142456098034881,,"{'max_features': 'sqrt', 'class_weight': 'balanced', 'min_samples_leaf': 5, 'n_estimators': 40, 'max_depth': 25}",0,0,64,2024-03-09 16:20:31.212278
65,65,0.7006802394442844,,"{'max_features': 'sqrt', 'class_weight': 'balanced', 'min_samples_leaf': 5, 'n_estimators': 40, 'max_depth': 30}",0,0,65,2024-03-09 16:20:31.961996
66,66,0.7477748817842906,,"{'max_features': 'sqrt', 'class_weight': 'balanced', 'min_samples_leaf': 5, 'n_estimators': 50, 'max_depth': 5}",0,0,66,2024-03-09 16:20:32.544965
67,67,0.7118253533138401,,"{'max_features': 'sqrt', 'class_weight': 'balanced', 'min_samples_leaf': 5, 'n_estimators': 50, 'max_depth': 10}",0,0,67,2024-03-09 16:20:33.336537
68,68,0.738972552694658,,"{'max_features': 'sqrt', 'class_weight': 'balanced', 'min_samples_leaf': 5, 'n_estimators': 50, 'max_depth': 15}",0,0,68,2024-03-09 16:20:34.226710
69,69,0.697506093680583,,"{'max_features': 'sqrt', 'class_weight': 'balanced', 'min_samples_leaf': 5, 'n_estimators': 50, 'max_depth': 20}",0,0,69,2024-03-09 16:20:35.040007
70,70,0.7189072251790023,,"{'max_features': 'sqrt', 'class_weight': 'balanced', 'min_samples_leaf': 5, 'n_estimators': 50, 'max_depth': 25}",0,0,70,2024-03-09 16:20:35.776842
71,71,0.7410651854610149,,"{'max_features': 'sqrt', 'class_weight': 'balanced', 'min_samples_leaf': 5, 'n_estimators': 50, 'max_depth': 30}",0,0,71,2024-03-09 16:20:36.596305
72,72,0.4930148045338885,,"{'max_features': 'sqrt', 'class_weight': 'balanced', 'min_samples_leaf': 9, 'n_estimators': 5, 'max_depth': 5}",0,0,72,2024-03-09 16:20:36.656691
73,73,0.5321419874375646,,"{'max_features': 'sqrt', 'class_weight': 'balanced', 'min_samples_leaf': 9, 'n_estimators': 5, 'max_depth': 10}",0,0,73,2024-03-09 16:20:36.730633
74,74,0.535996980759517,,"{'max_features': 'sqrt', 'class_weight': 'balanced', 'min_samples_leaf': 9, 'n_estimators': 5, 'max_depth': 15}",0,0,74,2024-03-09 16:20:36.800773
75,75,0.5290084346461752,,"{'max_features': 'sqrt', 'class_weight': 'balanced', 'min_samples_leaf': 9, 'n_estimators': 5, 'max_depth': 20}",0,0,75,2024-03-09 16:20:36.875930
76,76,0.5507565110471886,,"{'max_features': 'sqrt', 'class_weight': 'balanced', 'min_samples_leaf': 9, 'n_estimators': 5, 'max_depth': 25}",0,0,76,2024-03-09 16:20:36.953039
77,77,0.48546473186068095,,"{'max_features': 'sqrt', 'class_weight': 'balanced', 'min_samples_leaf': 9, 'n_estimators': 5, 'max_depth': 30}",0,0,77,2024-03-09 16:20:37.025522
78,78,0.537903555110453,,"{'max_features': 'sqrt', 'class_weight': 'balanced', 'min_samples_leaf': 9, 'n_estimators': 10, 'max_depth': 5}",0,0,78,2024-03-09 16:20:37.138762
79,79,0.5752136021872865,,"{'max_features': 'sqrt', 'class_weight': 'balanced', 'min_samples_leaf': 9, 'n_estimators': 10, 'max_depth': 10}",0,0,79,2024-03-09 16:20:37.283491
80,80,0.5977668789639862,,"{'max_features': 'sqrt', 'class_weight': 'balanced', 'min_samples_leaf': 9, 'n_estimators': 10, 'max_depth': 15}",0,0,80,2024-03-09 16:20:37.517252
81,81,0.5460627822947975,,"{'max_features': 'sqrt', 'class_weight': 'balanced', 'min_samples_leaf': 9, 'n_estimators': 10, 'max_depth': 20}",0,0,81,2024-03-09 16:20:37.654302
82,82,0.6115936937291505,,"{'max_features': 'sqrt', 'class_weight': 'balanced', 'min_samples_leaf': 9, 'n_estimators': 10, 'max_depth': 25}",0,0,82,2024-03-09 16:20:37.795115
83,83,0.5936270267362945,,"{'max_features': 'sqrt', 'class_weight': 'balanced', 'min_samples_leaf': 9, 'n_estimators': 10, 'max_depth': 30}",0,0,83,2024-03-09 16:20:37.934471
84,84,0.6377828610073256,,"{'max_features': 'sqrt', 'class_weight': 'balanced', 'min_samples_leaf': 9, 'n_estimators': 20, 'max_depth': 5}",0,0,84,2024-03-09 16:20:38.154254
85,85,0.6456648009950249,,"{'max_features': 'sqrt', 'class_weight': 'balanced', 'min_samples_leaf': 9, 'n_estimators': 20, 'max_depth': 10}",0,0,85,2024-03-09 16:20:38.423406
86,86,0.6621188926617311,,"{'max_features': 'sqrt', 'class_weight': 'balanced', 'min_samples_leaf': 9, 'n_estimators': 20, 'max_depth': 15}",0,0,86,2024-03-09 16:20:38.691443
87,87,0.6588925882644049,,"{'max_features': 'sqrt', 'class_weight': 'balanced', 'min_samples_leaf': 9, 'n_estimators': 20, 'max_depth': 20}",0,0,87,2024-03-09 16:20:39.018773
88,88,0.6220454149054926,,"{'max_features': 'sqrt', 'class_weight': 'balanced', 'min_samples_leaf': 9, 'n_estimators': 20, 'max_depth': 25}",0,0,88,2024-03-09 16:20:39.285683
89,89,0.6359510838480896,,"{'max_features': 'sqrt', 'class_weight': 'balanced', 'min_samples_leaf': 9, 'n_estimators': 20, 'max_depth': 30}",0,0,89,2024-03-09 16:20:39.560284
90,90,0.6054083708366564,,"{'max_features': 'sqrt', 'class_weight': 'balanced', 'min_samples_leaf': 9, 'n_estimators': 30, 'max_depth': 5}",0,0,90,2024-03-09 16:20:39.890804
91,91,0.6600770663647321,,"{'max_features': 'sqrt', 'class_weight': 'balanced', 'min_samples_leaf': 9, 'n_estimators': 30, 'max_depth': 10}",0,0,91,2024-03-09 16:20:40.304628
92,92,0.6813247445332987,,"{'max_features': 'sqrt', 'class_weight': 'balanced', 'min_samples_leaf': 9, 'n_estimators': 30, 'max_depth': 15}",0,0,92,2024-03-09 16:20:40.710418
93,93,0.6907007908495698,,"{'max_features': 'sqrt', 'class_weight': 'balanced', 'min_samples_leaf': 9, 'n_estimators': 30, 'max_depth': 20}",0,0,93,2024-03-09 16:20:41.105528
94,94,0.6949920023915949,,"{'max_features': 'sqrt', 'class_weight': 'balanced', 'min_samples_leaf': 9, 'n_estimators': 30, 'max_depth': 25}",0,0,94,2024-03-09 16:20:41.506725
95,95,0.7049889821251555,,"{'max_features': 'sqrt', 'class_weight': 'balanced', 'min_samples_leaf': 9, 'n_estimators': 30, 'max_depth': 30}",0,0,95,2024-03-09 16:20:41.925973
96,96,0.7047730496837912,,"{'max_features': 'sqrt', 'class_weight': 'balanced', 'min_samples_leaf': 9, 'n_estimators': 40, 'max_depth': 5}",0,0,96,2024-03-09 16:20:42.706889
97,97,0.6440961139542493,,"{'max_features': 'sqrt', 'class_weight': 'balanced', 'min_samples_leaf': 9, 'n_estimators': 40, 'max_depth': 10}",0,0,97,2024-03-09 16:20:43.826398
98,98,0.7297622329880395,,"{'max_features': 'sqrt', 'class_weight': 'balanced', 'min_samples_leaf': 9, 'n_estimators': 40, 'max_depth': 15}",0,0,98,2024-03-09 16:20:44.896637
99,99,0.6609335331928915,,"{'max_features': 'sqrt', 'class_weight': 'balanced', 'min_samples_leaf': 9, 'n_estimators': 40, 'max_depth': 20}",0,0,99,2024-03-09 16:20:46.004844
100,100,0.6914008033200196,,"{'max_features': 'sqrt', 'class_weight': 'balanced', 'min_samples_leaf': 9, 'n_estimators': 40, 'max_depth': 25}",0,0,100,2024-03-09 16:20:47.104659
101,101,0.6733851565751144,,"{'max_features': 'sqrt', 'class_weight': 'balanced', 'min_samples_leaf': 9, 'n_estimators': 40, 'max_depth': 30}",0,0,101,2024-03-09 16:20:48.153703
102,102,0.7128931055946695,,"{'max_features': 'sqrt', 'class_weight': 'balanced', 'min_samples_leaf': 9, 'n_estimators': 50, 'max_depth': 5}",0,0,102,2024-03-09 16:20:49.208666
103,103,0.7191169137313569,,"{'max_features': 'sqrt', 'class_weight': 'balanced', 'min_samples_leaf': 9, 'n_estimators': 50, 'max_depth': 10}",0,0,103,2024-03-09 16:20:50.764343
104,104,0.7299208050301116,,"{'max_features': 'sqrt', 'class_weight': 'balanced', 'min_samples_leaf': 9, 'n_estimators': 50, 'max_depth': 15}",0,0,104,2024-03-09 16:20:52.288939
105,105,0.7472662710424387,,"{'max_features': 'sqrt', 'class_weight': 'balanced', 'min_samples_leaf': 9, 'n_estimators': 50, 'max_depth': 20}",0,0,105,2024-03-09 16:20:53.679143
106,106,0.7490041705580726,,"{'max_features': 'sqrt', 'class_weight': 'balanced', 'min_samples_leaf': 9, 'n_estimators': 50, 'max_depth': 25}",0,0,106,2024-03-09 16:20:55.270314
107,107,0.7245335486305917,,"{'max_features': 'sqrt', 'class_weight': 'balanced', 'min_samples_leaf': 9, 'n_estimators': 50, 'max_depth': 30}",0,0,107,2024-03-09 16:20:56.551674
