,id,score,transform params,classifier params,ds_idx,trf_idx,clf_idx,ts
0,0,0.4601172107168357,,"{'max_features': 'sqrt', 'class_weight': 'balanced', 'min_samples_leaf': 1, 'n_estimators': 5, 'max_depth': 5}",0,0,0,2024-03-09 16:21:03.611081
1,1,0.39293376609087904,,"{'max_features': 'sqrt', 'class_weight': 'balanced', 'min_samples_leaf': 1, 'n_estimators': 5, 'max_depth': 10}",0,0,1,2024-03-09 16:21:03.744366
2,2,0.43370631237825613,,"{'max_features': 'sqrt', 'class_weight': 'balanced', 'min_samples_leaf': 1, 'n_estimators': 5, 'max_depth': 15}",0,0,2,2024-03-09 16:21:03.948742
3,3,0.4679839327401442,,"{'max_features': 'sqrt', 'class_weight': 'balanced', 'min_samples_leaf': 1, 'n_estimators': 5, 'max_depth': 20}",0,0,3,2024-03-09 16:21:04.148049
4,4,0.4310614224137931,,"{'max_features': 'sqrt', 'class_weight': 'balanced', 'min_samples_leaf': 1, 'n_estimators': 5, 'max_depth': 25}",0,0,4,2024-03-09 16:21:04.377739
5,5,0.442262933992875,,"{'max_features': 'sqrt', 'class_weight': 'balanced', 'min_samples_leaf': 1, 'n_estimators': 5, 'max_depth': 30}",0,0,5,2024-03-09 16:21:04.501016
6,6,0.52771140077458,,"{'max_features': 'sqrt', 'class_weight': 'balanced', 'min_samples_leaf': 1, 'n_estimators': 10, 'max_depth': 5}",0,0,6,2024-03-09 16:21:04.667476
7,7,0.5424102396165021,,"{'max_features': 'sqrt', 'class_weight': 'balanced', 'min_samples_leaf': 1, 'n_estimators': 10, 'max_depth': 10}",0,0,7,2024-03-09 16:21:04.986037
8,8,0.5009227361848192,,"{'max_features': 'sqrt', 'class_weight': 'balanced', 'min_samples_leaf': 1, 'n_estimators': 10, 'max_depth': 15}",0,0,8,2024-03-09 16:21:05.252463
9,9,0.5158819926410521,,"{'max_features': 'sqrt', 'class_weight': 'balanced', 'min_samples_leaf': 1, 'n_estimators': 10, 'max_depth': 20}",0,0,9,2024-03-09 16:21:05.507457
10,10,0.505754444481734,,"{'max_features': 'sqrt', 'class_weight': 'balanced', 'min_samples_leaf': 1, 'n_estimators': 10, 'max_depth': 25}",0,0,10,2024-03-09 16:21:05.782108
11,11,0.5560034928287786,,"{'max_features': 'sqrt', 'class_weight': 'balanced', 'min_samples_leaf': 1, 'n_estimators': 10, 'max_depth': 30}",0,0,11,2024-03-09 16:21:06.055733
12,12,0.6356604375660637,,"{'max_features': 'sqrt', 'class_weight': 'balanced', 'min_samples_leaf': 1, 'n_estimators': 20, 'max_depth': 5}",0,0,12,2024-03-09 16:21:06.363529
13,13,0.5950411692261653,,"{'max_features': 'sqrt', 'class_weight': 'balanced', 'min_samples_leaf': 1, 'n_estimators': 20, 'max_depth': 10}",0,0,13,2024-03-09 16:21:07.066119
14,14,0.6046499952417494,,"{'max_features': 'sqrt', 'class_weight': 'balanced', 'min_samples_leaf': 1, 'n_estimators': 20, 'max_depth': 15}",0,0,14,2024-03-09 16:21:07.913320
15,15,0.5715312356682078,,"{'max_features': 'sqrt', 'class_weight': 'balanced', 'min_samples_leaf': 1, 'n_estimators': 20, 'max_depth': 20}",0,0,15,2024-03-09 16:21:08.652431
16,16,0.5791169792226939,,"{'max_features': 'sqrt', 'class_weight': 'balanced', 'min_samples_leaf': 1, 'n_estimators': 20, 'max_depth': 25}",0,0,16,2024-03-09 16:21:09.514655
17,17,0.5545559974251157,,"{'max_features': 'sqrt', 'class_weight': 'balanced', 'min_samples_leaf': 1, 'n_estimators': 20, 'max_depth': 30}",0,0,17,2024-03-09 16:21:10.167471
18,18,0.6483293916399792,,"{'max_features': 'sqrt', 'class_weight': 'balanced', 'min_samples_leaf': 1, 'n_estimators': 30, 'max_depth': 5}",0,0,18,2024-03-09 16:21:10.829076
19,19,0.6429146626931437,,"{'max_features': 'sqrt', 'class_weight': 'balanced', 'min_samples_leaf': 1, 'n_estimators': 30, 'max_depth': 10}",0,0,19,2024-03-09 16:21:11.723889
20,20,0.5909105709287198,,"{'max_features': 'sqrt', 'class_weight': 'balanced', 'min_samples_leaf': 1, 'n_estimators': 30, 'max_depth': 15}",0,0,20,2024-03-09 16:21:12.445492
21,21,0.5541666927229453,,"{'max_features': 'sqrt', 'class_weight': 'balanced', 'min_samples_leaf': 1, 'n_estimators': 30, 'max_depth': 20}",0,0,21,2024-03-09 16:21:13.171946
22,22,0.6207560647828304,,"{'max_features': 'sqrt', 'class_weight': 'balanced', 'min_samples_leaf': 1, 'n_estimators': 30, 'max_depth': 25}",0,0,22,2024-03-09 16:21:13.900147
23,23,0.6181524352900912,,"{'max_features': 'sqrt', 'class_weight': 'balanced', 'min_samples_leaf': 1, 'n_estimators': 30, 'max_depth': 30}",0,0,23,2024-03-09 16:21:14.695808
24,24,0.6618003861711441,,"{'max_features': 'sqrt', 'class_weight': 'balanced', 'min_samples_leaf': 1, 'n_estimators': 40, 'max_depth': 5}",0,0,24,2024-03-09 16:21:15.368438
25,25,0.6647169612345785,,"{'max_features': 'sqrt', 'class_weight': 'balanced', 'min_samples_leaf': 1, 'n_estimators': 40, 'max_depth': 10}",0,0,25,2024-03-09 16:21:17.077878
26,26,0.6800237230318827,,"{'max_features': 'sqrt', 'class_weight': 'balanced', 'min_samples_leaf': 1, 'n_estimators': 40, 'max_depth': 15}",0,0,26,2024-03-09 16:21:19.635729
27,27,0.6796263519089606,,"{'max_features': 'sqrt', 'class_weight': 'balanced', 'min_samples_leaf': 1, 'n_estimators': 40, 'max_depth': 20}",0,0,27,2024-03-09 16:21:21.665297
28,28,0.6266427465878711,,"{'max_features': 'sqrt', 'class_weight': 'balanced', 'min_samples_leaf': 1, 'n_estimators': 40, 'max_depth': 25}",0,0,28,2024-03-09 16:21:23.693419
29,29,0.6253383651112392,,"{'max_features': 'sqrt', 'class_weight': 'balanced', 'min_samples_leaf': 1, 'n_estimators': 40, 'max_depth': 30}",0,0,29,2024-03-09 16:21:25.507353
30,30,0.6672231420161885,,"{'max_features': 'sqrt', 'class_weight': 'balanced', 'min_samples_leaf': 1, 'n_estimators': 50, 'max_depth': 5}",0,0,30,2024-03-09 16:21:26.528373
31,31,0.6895303163122289,,"{'max_features': 'sqrt', 'class_weight': 'balanced', 'min_samples_leaf': 1, 'n_estimators': 50, 'max_depth': 10}",0,0,31,2024-03-09 16:21:29.105004
32,32,0.631438020411877,,"{'max_features': 'sqrt', 'class_weight': 'balanced', 'min_samples_leaf': 1, 'n_estimators': 50, 'max_depth': 15}",0,0,32,2024-03-09 16:21:32.758257
33,33,0.6825578614771898,,"{'max_features': 'sqrt', 'class_weight': 'balanced', 'min_samples_leaf': 1, 'n_estimators': 50, 'max_depth': 20}",0,0,33,2024-03-09 16:21:35.519937
34,34,0.6831241411704905,,"{'max_features': 'sqrt', 'class_weight': 'balanced', 'min_samples_leaf': 1, 'n_estimators': 50, 'max_depth': 25}",0,0,34,2024-03-09 16:21:38.229610
35,35,0.6471579854571232,,"{'max_features': 'sqrt', 'class_weight': 'balanced', 'min_samples_leaf': 1, 'n_estimators': 50, 'max_depth': 30}",0,0,35,2024-03-09 16:21:41.247054
36,36,0.4312370748300954,,"{'max_features': 'sqrt', 'class_weight': 'balanced', 'min_samples_leaf': 5, 'n_estimators': 5, 'max_depth': 5}",0,0,36,2024-03-09 16:21:41.403575
37,37,0.4893861742420284,,"{'max_features': 'sqrt', 'class_weight': 'balanced', 'min_samples_leaf': 5, 'n_estimators': 5, 'max_depth': 10}",0,0,37,2024-03-09 16:21:41.695890
38,38,0.493014213158313,,"{'max_features': 'sqrt', 'class_weight': 'balanced', 'min_samples_leaf': 5, 'n_estimators': 5, 'max_depth': 15}",0,0,38,2024-03-09 16:21:41.950345
39,39,0.4934962131486156,,"{'max_features': 'sqrt', 'class_weight': 'balanced', 'min_samples_leaf': 5, 'n_estimators': 5, 'max_depth': 20}",0,0,39,2024-03-09 16:21:42.172279
40,40,0.48952180486771896,,"{'max_features': 'sqrt', 'class_weight': 'balanced', 'min_samples_leaf': 5, 'n_estimators': 5, 'max_depth': 25}",0,0,40,2024-03-09 16:21:42.389523
41,41,0.4574954572599609,,"{'max_features': 'sqrt', 'class_weight': 'balanced', 'min_samples_leaf': 5, 'n_estimators': 5, 'max_depth': 30}",0,0,41,2024-03-09 16:21:42.610694
42,42,0.48629399274560564,,"{'max_features': 'sqrt', 'class_weight': 'balanced', 'min_samples_leaf': 5, 'n_estimators': 10, 'max_depth': 5}",0,0,42,2024-03-09 16:21:42.968617
43,43,0.537704768670328,,"{'max_features': 'sqrt', 'class_weight': 'balanced', 'min_samples_leaf': 5, 'n_estimators': 10, 'max_depth': 10}",0,0,43,2024-03-09 16:21:43.288479
44,44,0.5278170531901394,,"{'max_features': 'sqrt', 'class_weight': 'balanced', 'min_samples_leaf': 5, 'n_estimators': 10, 'max_depth': 15}",0,0,44,2024-03-09 16:21:43.711962
45,45,0.535994314680143,,"{'max_features': 'sqrt', 'class_weight': 'balanced', 'min_samples_leaf': 5, 'n_estimators': 10, 'max_depth': 20}",0,0,45,2024-03-09 16:21:44.139603
46,46,0.5213289544888601,,"{'max_features': 'sqrt', 'class_weight': 'balanced', 'min_samples_leaf': 5, 'n_estimators': 10, 'max_depth': 25}",0,0,46,2024-03-09 16:21:44.455959
47,47,0.5090971515116981,,"{'max_features': 'sqrt', 'class_weight': 'balanced', 'min_samples_leaf': 5, 'n_estimators': 10, 'max_depth': 30}",0,0,47,2024-03-09 16:21:44.805156
48,48,0.6465632584053637,,"{'max_features': 'sqrt', 'class_weight': 'balanced', 'min_samples_leaf': 5, 'n_estimators': 20, 'max_depth': 5}",0,0,48,2024-03-09 16:21:45.234080
49,49,0.61704411268556,,"{'max_features': 'sqrt', 'class_weight': 'balanced', 'min_samples_leaf': 5, 'n_estimators': 20, 'max_depth': 10}",0,0,49,2024-03-09 16:21:46.186082
50,50,0.6318190411373261,,"{'max_features': 'sqrt', 'class_weight': 'balanced', 'min_samples_leaf': 5, 'n_estimators': 20, 'max_depth': 15}",0,0,50,2024-03-09 16:21:46.883292
51,51,0.5682559426904029,,"{'max_features': 'sqrt', 'class_weight': 'balanced', 'min_samples_leaf': 5, 'n_estimators': 20, 'max_depth': 20}",0,0,51,2024-03-09 16:21:47.755712
52,52,0.5814818205227391,,"{'max_features': 'sqrt', 'class_weight': 'balanced', 'min_samples_leaf': 5, 'n_estimators': 20, 'max_depth': 25}",0,0,52,2024-03-09 16:21:48.552592
53,53,0.6246439657695377,,"{'max_features': 'sqrt', 'class_weight': 'balanced', 'min_samples_leaf': 5, 'n_estimators': 20, 'max_depth': 30}",0,0,53,2024-03-09 16:21:49.372516
54,54,0.6715339553510566,,"{'max_features': 'sqrt', 'class_weight': 'balanced', 'min_samples_leaf': 5, 'n_estimators': 30, 'max_depth': 5}",0,0,54,2024-03-09 16:21:50.017708
55,55,0.6366269156660808,,"{'max_features': 'sqrt', 'class_weight': 'balanced', 'min_samples_leaf': 5, 'n_estimators': 30, 'max_depth': 10}",0,0,55,2024-03-09 16:21:50.984935
56,56,0.691691186773154,,"{'max_features': 'sqrt', 'class_weight': 'balanced', 'min_samples_leaf': 5, 'n_estimators': 30, 'max_depth': 15}",0,0,56,2024-03-09 16:21:51.950916
57,57,0.6628465971211785,,"{'max_features': 'sqrt', 'class_weight': 'balanced', 'min_samples_leaf': 5, 'n_estimators': 30, 'max_depth': 20}",0,0,57,2024-03-09 16:21:52.760424
58,58,0.6279723659424972,,"{'max_features': 'sqrt', 'class_weight': 'balanced', 'min_samples_leaf': 5, 'n_estimators': 30, 'max_depth': 25}",0,0,58,2024-03-09 16:21:53.564903
59,59,0.6566971120465512,,"{'max_features': 'sqrt', 'class_weight': 'balanced', 'min_samples_leaf': 5, 'n_estimators': 30, 'max_depth': 30}",0,0,59,2024-03-09 16:21:54.438071
60,60,0.6454511572957031,,"{'max_features': 'sqrt', 'class_weight': 'balanced', 'min_samples_leaf': 5, 'n_estimators': 40, 'max_depth': 5}",0,0,60,2024-03-09 16:21:55.701417
61,61,0.6588710245171672,,"{'max_features': 'sqrt', 'class_weight': 'balanced', 'min_samples_leaf': 5, 'n_estimators': 40, 'max_depth': 10}",0,0,61,2024-03-09 16:21:57.595887
62,62,0.6598830225539005,,"{'max_features': 'sqrt', 'class_weight': 'balanced', 'min_samples_leaf': 5, 'n_estimators': 40, 'max_depth': 15}",0,0,62,2024-03-09 16:21:59.417723
63,63,0.6974962635446507,,"{'max_features': 'sqrt', 'class_weight': 'balanced', 'min_samples_leaf': 5, 'n_estimators': 40, 'max_depth': 20}",0,0,63,2024-03-09 16:22:01.068050
64,64,0.6635972123688471,,"{'max_features': 'sqrt', 'class_weight': 'balanced', 'min_samples_leaf': 5, 'n_estimators': 40, 'max_depth': 25}",0,0,64,2024-03-09 16:22:01.925928
65,65,0.708055741583626,,"{'max_features': 'sqrt', 'class_weight': 'balanced', 'min_samples_leaf': 5, 'n_estimators': 40, 'max_depth': 30}",0,0,65,2024-03-09 16:22:02.965688
66,66,0.7158162634800275,,"{'max_features': 'sqrt', 'class_weight': 'balanced', 'min_samples_leaf': 5, 'n_estimators': 50, 'max_depth': 5}",0,0,66,2024-03-09 16:22:03.962435
67,67,0.707213571165143,,"{'max_features': 'sqrt', 'class_weight': 'balanced', 'min_samples_leaf': 5, 'n_estimators': 50, 'max_depth': 10}",0,0,67,2024-03-09 16:22:05.442310
68,68,0.7280441351869924,,"{'max_features': 'sqrt', 'class_weight': 'balanced', 'min_samples_leaf': 5, 'n_estimators': 50, 'max_depth': 15}",0,0,68,2024-03-09 16:22:07.019122
69,69,0.7180438151591998,,"{'max_features': 'sqrt', 'class_weight': 'balanced', 'min_samples_leaf': 5, 'n_estimators': 50, 'max_depth': 20}",0,0,69,2024-03-09 16:22:08.520690
70,70,0.692197962728227,,"{'max_features': 'sqrt', 'class_weight': 'balanced', 'min_samples_leaf': 5, 'n_estimators': 50, 'max_depth': 25}",0,0,70,2024-03-09 16:22:10.037878
71,71,0.690983777945289,,"{'max_features': 'sqrt', 'class_weight': 'balanced', 'min_samples_leaf': 5, 'n_estimators': 50, 'max_depth': 30}",0,0,71,2024-03-09 16:22:11.117548
72,72,0.4807344015436501,,"{'max_features': 'sqrt', 'class_weight': 'balanced', 'min_samples_leaf': 9, 'n_estimators': 5, 'max_depth': 5}",0,0,72,2024-03-09 16:22:11.415389
73,73,0.4796052489481983,,"{'max_features': 'sqrt', 'class_weight': 'balanced', 'min_samples_leaf': 9, 'n_estimators': 5, 'max_depth': 10}",0,0,73,2024-03-09 16:22:11.777918
74,74,0.5203597751948298,,"{'max_features': 'sqrt', 'class_weight': 'balanced', 'min_samples_leaf': 9, 'n_estimators': 5, 'max_depth': 15}",0,0,74,2024-03-09 16:22:12.023332
75,75,0.4833677159059296,,"{'max_features': 'sqrt', 'class_weight': 'balanced', 'min_samples_leaf': 9, 'n_estimators': 5, 'max_depth': 20}",0,0,75,2024-03-09 16:22:12.146803
76,76,0.5109504101327622,,"{'max_features': 'sqrt', 'class_weight': 'balanced', 'min_samples_leaf': 9, 'n_estimators': 5, 'max_depth': 25}",0,0,76,2024-03-09 16:22:12.264681
77,77,0.45502309844851285,,"{'max_features': 'sqrt', 'class_weight': 'balanced', 'min_samples_leaf': 9, 'n_estimators': 5, 'max_depth': 30}",0,0,77,2024-03-09 16:22:12.387208
78,78,0.505619782450887,,"{'max_features': 'sqrt', 'class_weight': 'balanced', 'min_samples_leaf': 9, 'n_estimators': 10, 'max_depth': 5}",0,0,78,2024-03-09 16:22:12.562887
79,79,0.5698749833507993,,"{'max_features': 'sqrt', 'class_weight': 'balanced', 'min_samples_leaf': 9, 'n_estimators': 10, 'max_depth': 10}",0,0,79,2024-03-09 16:22:12.782394
80,80,0.549290780141844,,"{'max_features': 'sqrt', 'class_weight': 'balanced', 'min_samples_leaf': 9, 'n_estimators': 10, 'max_depth': 15}",0,0,80,2024-03-09 16:22:13.001591
81,81,0.5387113626850202,,"{'max_features': 'sqrt', 'class_weight': 'balanced', 'min_samples_leaf': 9, 'n_estimators': 10, 'max_depth': 20}",0,0,81,2024-03-09 16:22:13.226415
82,82,0.5635110103301072,,"{'max_features': 'sqrt', 'class_weight': 'balanced', 'min_samples_leaf': 9, 'n_estimators': 10, 'max_depth': 25}",0,0,82,2024-03-09 16:22:13.448218
83,83,0.5529849125525623,,"{'max_features': 'sqrt', 'class_weight': 'balanced', 'min_samples_leaf': 9, 'n_estimators': 10, 'max_depth': 30}",0,0,83,2024-03-09 16:22:13.670632
84,84,0.6482262178989366,,"{'max_features': 'sqrt', 'class_weight': 'balanced', 'min_samples_leaf': 9, 'n_estimators': 20, 'max_depth': 5}",0,0,84,2024-03-09 16:22:14.014512
85,85,0.6380227887634564,,"{'max_features': 'sqrt', 'class_weight': 'balanced', 'min_samples_leaf': 9, 'n_estimators': 20, 'max_depth': 10}",0,0,85,2024-03-09 16:22:14.449074
86,86,0.6570717150164685,,"{'max_features': 'sqrt', 'class_weight': 'balanced', 'min_samples_leaf': 9, 'n_estimators': 20, 'max_depth': 15}",0,0,86,2024-03-09 16:22:14.888846
87,87,0.6355214727640357,,"{'max_features': 'sqrt', 'class_weight': 'balanced', 'min_samples_leaf': 9, 'n_estimators': 20, 'max_depth': 20}",0,0,87,2024-03-09 16:22:15.324290
88,88,0.6610655385167522,,"{'max_features': 'sqrt', 'class_weight': 'balanced', 'min_samples_leaf': 9, 'n_estimators': 20, 'max_depth': 25}",0,0,88,2024-03-09 16:22:15.755921
89,89,0.6454848662361183,,"{'max_features': 'sqrt', 'class_weight': 'balanced', 'min_samples_leaf': 9, 'n_estimators': 20, 'max_depth': 30}",0,0,89,2024-03-09 16:22:16.194304
90,90,0.6492611152665873,,"{'max_features': 'sqrt', 'class_weight': 'balanced', 'min_samples_leaf': 9, 'n_estimators': 30, 'max_depth': 5}",0,0,90,2024-03-09 16:22:16.701248
91,91,0.6261296653739042,,"{'max_features': 'sqrt', 'class_weight': 'balanced', 'min_samples_leaf': 9, 'n_estimators': 30, 'max_depth': 10}",0,0,91,2024-03-09 16:22:17.342874
92,92,0.7084249755620723,,"{'max_features': 'sqrt', 'class_weight': 'balanced', 'min_samples_leaf': 9, 'n_estimators': 30, 'max_depth': 15}",0,0,92,2024-03-09 16:22:18.016507
93,93,0.6486139226689055,,"{'max_features': 'sqrt', 'class_weight': 'balanced', 'min_samples_leaf': 9, 'n_estimators': 30, 'max_depth': 20}",0,0,93,2024-03-09 16:22:18.591891
94,94,0.6870780231018501,,"{'max_features': 'sqrt', 'class_weight': 'balanced', 'min_samples_leaf': 9, 'n_estimators': 30, 'max_depth': 25}",0,0,94,2024-03-09 16:22:19.276297
95,95,0.6739157051060893,,"{'max_features': 'sqrt', 'class_weight': 'balanced', 'min_samples_leaf': 9, 'n_estimators': 30, 'max_depth': 30}",0,0,95,2024-03-09 16:22:20.472943
96,96,0.6803002228031819,,"{'max_features': 'sqrt', 'class_weight': 'balanced', 'min_samples_leaf': 9, 'n_estimators': 40, 'max_depth': 5}",0,0,96,2024-03-09 16:22:21.678607
97,97,0.670772310312691,,"{'max_features': 'sqrt', 'class_weight': 'balanced', 'min_samples_leaf': 9, 'n_estimators': 40, 'max_depth': 10}",0,0,97,2024-03-09 16:22:22.484975
98,98,0.7343617284022081,,"{'max_features': 'sqrt', 'class_weight': 'balanced', 'min_samples_leaf': 9, 'n_estimators': 40, 'max_depth': 15}",0,0,98,2024-03-09 16:22:23.275127
99,99,0.6658956379412535,,"{'max_features': 'sqrt', 'class_weight': 'balanced', 'min_samples_leaf': 9, 'n_estimators': 40, 'max_depth': 20}",0,0,99,2024-03-09 16:22:24.069218
100,100,0.7225336182147628,,"{'max_features': 'sqrt', 'class_weight': 'balanced', 'min_samples_leaf': 9, 'n_estimators': 40, 'max_depth': 25}",0,0,100,2024-03-09 16:22:24.859146
101,101,0.6846629544081774,,"{'max_features': 'sqrt', 'class_weight': 'balanced', 'min_samples_leaf': 9, 'n_estimators': 40, 'max_depth': 30}",0,0,101,2024-03-09 16:22:26.241935
102,102,0.7199693285338026,,"{'max_features': 'sqrt', 'class_weight': 'balanced', 'min_samples_leaf': 9, 'n_estimators': 50, 'max_depth': 5}",0,0,102,2024-03-09 16:22:27.802342
103,103,0.7314517838076194,,"{'max_features': 'sqrt', 'class_weight': 'balanced', 'min_samples_leaf': 9, 'n_estimators': 50, 'max_depth': 10}",0,0,103,2024-03-09 16:22:29.211250
104,104,0.6741769849658659,,"{'max_features': 'sqrt', 'class_weight': 'balanced', 'min_samples_leaf': 9, 'n_estimators': 50, 'max_depth': 15}",0,0,104,2024-03-09 16:22:30.638288
105,105,0.669887938293294,,"{'max_features': 'sqrt', 'class_weight': 'balanced', 'min_samples_leaf': 9, 'n_estimators': 50, 'max_depth': 20}",0,0,105,2024-03-09 16:22:31.912338
106,106,0.7076945533693351,,"{'max_features': 'sqrt', 'class_weight': 'balanced', 'min_samples_leaf': 9, 'n_estimators': 50, 'max_depth': 25}",0,0,106,2024-03-09 16:22:33.319943
107,107,0.7534719150818223,,"{'max_features': 'sqrt', 'class_weight': 'balanced', 'min_samples_leaf': 9, 'n_estimators': 50, 'max_depth': 30}",0,0,107,2024-03-09 16:22:34.485771
