,id,score,transform params,classifier params,ds_idx,trf_idx,clf_idx,ts
0,0,0.41566416227761116,,"{'max_features': 'sqrt', 'class_weight': 'balanced', 'min_samples_leaf': 1, 'n_estimators': 5, 'max_depth': 5}",0,0,0,2024-03-09 16:18:48.408096
1,1,0.46163590436174473,,"{'max_features': 'sqrt', 'class_weight': 'balanced', 'min_samples_leaf': 1, 'n_estimators': 5, 'max_depth': 10}",0,0,1,2024-03-09 16:18:48.502709
2,2,0.5125955933744049,,"{'max_features': 'sqrt', 'class_weight': 'balanced', 'min_samples_leaf': 1, 'n_estimators': 5, 'max_depth': 15}",0,0,2,2024-03-09 16:18:48.693328
3,3,0.4059663865546218,,"{'max_features': 'sqrt', 'class_weight': 'balanced', 'min_samples_leaf': 1, 'n_estimators': 5, 'max_depth': 20}",0,0,3,2024-03-09 16:18:48.829894
4,4,0.46847843820662977,,"{'max_features': 'sqrt', 'class_weight': 'balanced', 'min_samples_leaf': 1, 'n_estimators': 5, 'max_depth': 25}",0,0,4,2024-03-09 16:18:48.962717
5,5,0.4677954995745527,,"{'max_features': 'sqrt', 'class_weight': 'balanced', 'min_samples_leaf': 1, 'n_estimators': 5, 'max_depth': 30}",0,0,5,2024-03-09 16:18:49.053829
6,6,0.5487305434787256,,"{'max_features': 'sqrt', 'class_weight': 'balanced', 'min_samples_leaf': 1, 'n_estimators': 10, 'max_depth': 5}",0,0,6,2024-03-09 16:18:49.172177
7,7,0.48507991580016285,,"{'max_features': 'sqrt', 'class_weight': 'balanced', 'min_samples_leaf': 1, 'n_estimators': 10, 'max_depth': 10}",0,0,7,2024-03-09 16:18:49.357208
8,8,0.542972334682861,,"{'max_features': 'sqrt', 'class_weight': 'balanced', 'min_samples_leaf': 1, 'n_estimators': 10, 'max_depth': 15}",0,0,8,2024-03-09 16:18:49.618462
9,9,0.5557079891571152,,"{'max_features': 'sqrt', 'class_weight': 'balanced', 'min_samples_leaf': 1, 'n_estimators': 10, 'max_depth': 20}",0,0,9,2024-03-09 16:18:49.925575
10,10,0.5089435589435589,,"{'max_features': 'sqrt', 'class_weight': 'balanced', 'min_samples_leaf': 1, 'n_estimators': 10, 'max_depth': 25}",0,0,10,2024-03-09 16:18:50.184376
11,11,0.5531430578942905,,"{'max_features': 'sqrt', 'class_weight': 'balanced', 'min_samples_leaf': 1, 'n_estimators': 10, 'max_depth': 30}",0,0,11,2024-03-09 16:18:50.386794
12,12,0.6303802008608321,,"{'max_features': 'sqrt', 'class_weight': 'balanced', 'min_samples_leaf': 1, 'n_estimators': 20, 'max_depth': 5}",0,0,12,2024-03-09 16:18:50.783008
13,13,0.6240354143913487,,"{'max_features': 'sqrt', 'class_weight': 'balanced', 'min_samples_leaf': 1, 'n_estimators': 20, 'max_depth': 10}",0,0,13,2024-03-09 16:18:51.145810
14,14,0.6072824333387714,,"{'max_features': 'sqrt', 'class_weight': 'balanced', 'min_samples_leaf': 1, 'n_estimators': 20, 'max_depth': 15}",0,0,14,2024-03-09 16:18:51.636885
15,15,0.570012579464025,,"{'max_features': 'sqrt', 'class_weight': 'balanced', 'min_samples_leaf': 1, 'n_estimators': 20, 'max_depth': 20}",0,0,15,2024-03-09 16:18:52.019070
16,16,0.6118849206349207,,"{'max_features': 'sqrt', 'class_weight': 'balanced', 'min_samples_leaf': 1, 'n_estimators': 20, 'max_depth': 25}",0,0,16,2024-03-09 16:18:52.372423
17,17,0.6124695571185724,,"{'max_features': 'sqrt', 'class_weight': 'balanced', 'min_samples_leaf': 1, 'n_estimators': 20, 'max_depth': 30}",0,0,17,2024-03-09 16:18:52.999268
18,18,0.6950067586716027,,"{'max_features': 'sqrt', 'class_weight': 'balanced', 'min_samples_leaf': 1, 'n_estimators': 30, 'max_depth': 5}",0,0,18,2024-03-09 16:18:53.434831
19,19,0.6063374363850955,,"{'max_features': 'sqrt', 'class_weight': 'balanced', 'min_samples_leaf': 1, 'n_estimators': 30, 'max_depth': 10}",0,0,19,2024-03-09 16:18:54.168554
20,20,0.6503490626840462,,"{'max_features': 'sqrt', 'class_weight': 'balanced', 'min_samples_leaf': 1, 'n_estimators': 30, 'max_depth': 15}",0,0,20,2024-03-09 16:18:54.798040
21,21,0.6699847934567574,,"{'max_features': 'sqrt', 'class_weight': 'balanced', 'min_samples_leaf': 1, 'n_estimators': 30, 'max_depth': 20}",0,0,21,2024-03-09 16:18:55.263301
22,22,0.5598455257959415,,"{'max_features': 'sqrt', 'class_weight': 'balanced', 'min_samples_leaf': 1, 'n_estimators': 30, 'max_depth': 25}",0,0,22,2024-03-09 16:18:55.757653
23,23,0.6756731073804245,,"{'max_features': 'sqrt', 'class_weight': 'balanced', 'min_samples_leaf': 1, 'n_estimators': 30, 'max_depth': 30}",0,0,23,2024-03-09 16:18:56.147417
24,24,0.7211852133153136,,"{'max_features': 'sqrt', 'class_weight': 'balanced', 'min_samples_leaf': 1, 'n_estimators': 40, 'max_depth': 5}",0,0,24,2024-03-09 16:18:56.677515
25,25,0.6111652660954896,,"{'max_features': 'sqrt', 'class_weight': 'balanced', 'min_samples_leaf': 1, 'n_estimators': 40, 'max_depth': 10}",0,0,25,2024-03-09 16:18:57.252037
26,26,0.6901466399044339,,"{'max_features': 'sqrt', 'class_weight': 'balanced', 'min_samples_leaf': 1, 'n_estimators': 40, 'max_depth': 15}",0,0,26,2024-03-09 16:18:57.836113
27,27,0.6580988495073002,,"{'max_features': 'sqrt', 'class_weight': 'balanced', 'min_samples_leaf': 1, 'n_estimators': 40, 'max_depth': 20}",0,0,27,2024-03-09 16:18:58.806746
28,28,0.7112639788975028,,"{'max_features': 'sqrt', 'class_weight': 'balanced', 'min_samples_leaf': 1, 'n_estimators': 40, 'max_depth': 25}",0,0,28,2024-03-09 16:18:59.774120
29,29,0.6423558897243107,,"{'max_features': 'sqrt', 'class_weight': 'balanced', 'min_samples_leaf': 1, 'n_estimators': 40, 'max_depth': 30}",0,0,29,2024-03-09 16:19:00.740081
30,30,0.7021530039620649,,"{'max_features': 'sqrt', 'class_weight': 'balanced', 'min_samples_leaf': 1, 'n_estimators': 50, 'max_depth': 5}",0,0,30,2024-03-09 16:19:01.673712
31,31,0.6781636876542463,,"{'max_features': 'sqrt', 'class_weight': 'balanced', 'min_samples_leaf': 1, 'n_estimators': 50, 'max_depth': 10}",0,0,31,2024-03-09 16:19:03.578259
32,32,0.6954724470978025,,"{'max_features': 'sqrt', 'class_weight': 'balanced', 'min_samples_leaf': 1, 'n_estimators': 50, 'max_depth': 15}",0,0,32,2024-03-09 16:19:06.081160
33,33,0.7785426179604261,,"{'max_features': 'sqrt', 'class_weight': 'balanced', 'min_samples_leaf': 1, 'n_estimators': 50, 'max_depth': 20}",0,0,33,2024-03-09 16:19:08.310430
34,34,0.6825759583112524,,"{'max_features': 'sqrt', 'class_weight': 'balanced', 'min_samples_leaf': 1, 'n_estimators': 50, 'max_depth': 25}",0,0,34,2024-03-09 16:19:10.405548
35,35,0.673325089599448,,"{'max_features': 'sqrt', 'class_weight': 'balanced', 'min_samples_leaf': 1, 'n_estimators': 50, 'max_depth': 30}",0,0,35,2024-03-09 16:19:12.101226
36,36,0.42185143288084465,,"{'max_features': 'sqrt', 'class_weight': 'balanced', 'min_samples_leaf': 5, 'n_estimators': 5, 'max_depth': 5}",0,0,36,2024-03-09 16:19:12.216588
37,37,0.513231125246144,,"{'max_features': 'sqrt', 'class_weight': 'balanced', 'min_samples_leaf': 5, 'n_estimators': 5, 'max_depth': 10}",0,0,37,2024-03-09 16:19:12.334635
38,38,0.5264630733116649,,"{'max_features': 'sqrt', 'class_weight': 'balanced', 'min_samples_leaf': 5, 'n_estimators': 5, 'max_depth': 15}",0,0,38,2024-03-09 16:19:12.408061
39,39,0.4229805648344974,,"{'max_features': 'sqrt', 'class_weight': 'balanced', 'min_samples_leaf': 5, 'n_estimators': 5, 'max_depth': 20}",0,0,39,2024-03-09 16:19:12.502833
40,40,0.4885014766888759,,"{'max_features': 'sqrt', 'class_weight': 'balanced', 'min_samples_leaf': 5, 'n_estimators': 5, 'max_depth': 25}",0,0,40,2024-03-09 16:19:12.679048
41,41,0.4275847603279358,,"{'max_features': 'sqrt', 'class_weight': 'balanced', 'min_samples_leaf': 5, 'n_estimators': 5, 'max_depth': 30}",0,0,41,2024-03-09 16:19:12.835462
42,42,0.45717609828741623,,"{'max_features': 'sqrt', 'class_weight': 'balanced', 'min_samples_leaf': 5, 'n_estimators': 10, 'max_depth': 5}",0,0,42,2024-03-09 16:19:13.061110
43,43,0.5653918929885442,,"{'max_features': 'sqrt', 'class_weight': 'balanced', 'min_samples_leaf': 5, 'n_estimators': 10, 'max_depth': 10}",0,0,43,2024-03-09 16:19:13.280258
44,44,0.5855372807017545,,"{'max_features': 'sqrt', 'class_weight': 'balanced', 'min_samples_leaf': 5, 'n_estimators': 10, 'max_depth': 15}",0,0,44,2024-03-09 16:19:13.608820
45,45,0.5706433206433207,,"{'max_features': 'sqrt', 'class_weight': 'balanced', 'min_samples_leaf': 5, 'n_estimators': 10, 'max_depth': 20}",0,0,45,2024-03-09 16:19:13.794995
46,46,0.5443225275016697,,"{'max_features': 'sqrt', 'class_weight': 'balanced', 'min_samples_leaf': 5, 'n_estimators': 10, 'max_depth': 25}",0,0,46,2024-03-09 16:19:13.977824
47,47,0.5442181564132783,,"{'max_features': 'sqrt', 'class_weight': 'balanced', 'min_samples_leaf': 5, 'n_estimators': 10, 'max_depth': 30}",0,0,47,2024-03-09 16:19:14.117602
48,48,0.6855453507185686,,"{'max_features': 'sqrt', 'class_weight': 'balanced', 'min_samples_leaf': 5, 'n_estimators': 20, 'max_depth': 5}",0,0,48,2024-03-09 16:19:14.606302
49,49,0.6808154121863799,,"{'max_features': 'sqrt', 'class_weight': 'balanced', 'min_samples_leaf': 5, 'n_estimators': 20, 'max_depth': 10}",0,0,49,2024-03-09 16:19:15.157761
50,50,0.6302181555004136,,"{'max_features': 'sqrt', 'class_weight': 'balanced', 'min_samples_leaf': 5, 'n_estimators': 20, 'max_depth': 15}",0,0,50,2024-03-09 16:19:15.638714
51,51,0.5644126432299733,,"{'max_features': 'sqrt', 'class_weight': 'balanced', 'min_samples_leaf': 5, 'n_estimators': 20, 'max_depth': 20}",0,0,51,2024-03-09 16:19:15.883521
52,52,0.648822188449848,,"{'max_features': 'sqrt', 'class_weight': 'balanced', 'min_samples_leaf': 5, 'n_estimators': 20, 'max_depth': 25}",0,0,52,2024-03-09 16:19:16.315931
53,53,0.6313703176861072,,"{'max_features': 'sqrt', 'class_weight': 'balanced', 'min_samples_leaf': 5, 'n_estimators': 20, 'max_depth': 30}",0,0,53,2024-03-09 16:19:16.794578
54,54,0.6926563545539448,,"{'max_features': 'sqrt', 'class_weight': 'balanced', 'min_samples_leaf': 5, 'n_estimators': 30, 'max_depth': 5}",0,0,54,2024-03-09 16:19:17.366673
55,55,0.6424909169421364,,"{'max_features': 'sqrt', 'class_weight': 'balanced', 'min_samples_leaf': 5, 'n_estimators': 30, 'max_depth': 10}",0,0,55,2024-03-09 16:19:18.157759
56,56,0.6214727783005094,,"{'max_features': 'sqrt', 'class_weight': 'balanced', 'min_samples_leaf': 5, 'n_estimators': 30, 'max_depth': 15}",0,0,56,2024-03-09 16:19:18.898284
57,57,0.6800978456255317,,"{'max_features': 'sqrt', 'class_weight': 'balanced', 'min_samples_leaf': 5, 'n_estimators': 30, 'max_depth': 20}",0,0,57,2024-03-09 16:19:19.616967
58,58,0.6515154261546015,,"{'max_features': 'sqrt', 'class_weight': 'balanced', 'min_samples_leaf': 5, 'n_estimators': 30, 'max_depth': 25}",0,0,58,2024-03-09 16:19:20.432408
59,59,0.5987110834371109,,"{'max_features': 'sqrt', 'class_weight': 'balanced', 'min_samples_leaf': 5, 'n_estimators': 30, 'max_depth': 30}",0,0,59,2024-03-09 16:19:21.310904
60,60,0.7249606089301541,,"{'max_features': 'sqrt', 'class_weight': 'balanced', 'min_samples_leaf': 5, 'n_estimators': 40, 'max_depth': 5}",0,0,60,2024-03-09 16:19:22.178694
61,61,0.6876728776854487,,"{'max_features': 'sqrt', 'class_weight': 'balanced', 'min_samples_leaf': 5, 'n_estimators': 40, 'max_depth': 10}",0,0,61,2024-03-09 16:19:22.941390
62,62,0.7364502680166767,,"{'max_features': 'sqrt', 'class_weight': 'balanced', 'min_samples_leaf': 5, 'n_estimators': 40, 'max_depth': 15}",0,0,62,2024-03-09 16:19:23.665282
63,63,0.6976373587409648,,"{'max_features': 'sqrt', 'class_weight': 'balanced', 'min_samples_leaf': 5, 'n_estimators': 40, 'max_depth': 20}",0,0,63,2024-03-09 16:19:24.534759
64,64,0.6954830230930129,,"{'max_features': 'sqrt', 'class_weight': 'balanced', 'min_samples_leaf': 5, 'n_estimators': 40, 'max_depth': 25}",0,0,64,2024-03-09 16:19:25.460366
65,65,0.6963051811113461,,"{'max_features': 'sqrt', 'class_weight': 'balanced', 'min_samples_leaf': 5, 'n_estimators': 40, 'max_depth': 30}",0,0,65,2024-03-09 16:19:26.158829
66,66,0.696836268754077,,"{'max_features': 'sqrt', 'class_weight': 'balanced', 'min_samples_leaf': 5, 'n_estimators': 50, 'max_depth': 5}",0,0,66,2024-03-09 16:19:26.647593
67,67,0.7509987745098039,,"{'max_features': 'sqrt', 'class_weight': 'balanced', 'min_samples_leaf': 5, 'n_estimators': 50, 'max_depth': 10}",0,0,67,2024-03-09 16:19:27.306422
68,68,0.727436363108755,,"{'max_features': 'sqrt', 'class_weight': 'balanced', 'min_samples_leaf': 5, 'n_estimators': 50, 'max_depth': 15}",0,0,68,2024-03-09 16:19:28.090929
69,69,0.6886463717495505,,"{'max_features': 'sqrt', 'class_weight': 'balanced', 'min_samples_leaf': 5, 'n_estimators': 50, 'max_depth': 20}",0,0,69,2024-03-09 16:19:28.737709
70,70,0.7056729671166291,,"{'max_features': 'sqrt', 'class_weight': 'balanced', 'min_samples_leaf': 5, 'n_estimators': 50, 'max_depth': 25}",0,0,70,2024-03-09 16:19:29.365246
71,71,0.6501953083638954,,"{'max_features': 'sqrt', 'class_weight': 'balanced', 'min_samples_leaf': 5, 'n_estimators': 50, 'max_depth': 30}",0,0,71,2024-03-09 16:19:30.013691
72,72,0.48906307845593505,,"{'max_features': 'sqrt', 'class_weight': 'balanced', 'min_samples_leaf': 9, 'n_estimators': 5, 'max_depth': 5}",0,0,72,2024-03-09 16:19:30.058600
73,73,0.4427909200074786,,"{'max_features': 'sqrt', 'class_weight': 'balanced', 'min_samples_leaf': 9, 'n_estimators': 5, 'max_depth': 10}",0,0,73,2024-03-09 16:19:30.124488
74,74,0.49804137470804133,,"{'max_features': 'sqrt', 'class_weight': 'balanced', 'min_samples_leaf': 9, 'n_estimators': 5, 'max_depth': 15}",0,0,74,2024-03-09 16:19:30.172160
75,75,0.4844296035733349,,"{'max_features': 'sqrt', 'class_weight': 'balanced', 'min_samples_leaf': 9, 'n_estimators': 5, 'max_depth': 20}",0,0,75,2024-03-09 16:19:30.221700
76,76,0.48134236755535914,,"{'max_features': 'sqrt', 'class_weight': 'balanced', 'min_samples_leaf': 9, 'n_estimators': 5, 'max_depth': 25}",0,0,76,2024-03-09 16:19:30.305412
77,77,0.48030303030303034,,"{'max_features': 'sqrt', 'class_weight': 'balanced', 'min_samples_leaf': 9, 'n_estimators': 5, 'max_depth': 30}",0,0,77,2024-03-09 16:19:30.393043
78,78,0.5634209834705436,,"{'max_features': 'sqrt', 'class_weight': 'balanced', 'min_samples_leaf': 9, 'n_estimators': 10, 'max_depth': 5}",0,0,78,2024-03-09 16:19:30.472378
79,79,0.5910687322439916,,"{'max_features': 'sqrt', 'class_weight': 'balanced', 'min_samples_leaf': 9, 'n_estimators': 10, 'max_depth': 10}",0,0,79,2024-03-09 16:19:30.586402
80,80,0.5090633888898106,,"{'max_features': 'sqrt', 'class_weight': 'balanced', 'min_samples_leaf': 9, 'n_estimators': 10, 'max_depth': 15}",0,0,80,2024-03-09 16:19:30.748307
81,81,0.5630026502051185,,"{'max_features': 'sqrt', 'class_weight': 'balanced', 'min_samples_leaf': 9, 'n_estimators': 10, 'max_depth': 20}",0,0,81,2024-03-09 16:19:30.835411
82,82,0.5760987027138521,,"{'max_features': 'sqrt', 'class_weight': 'balanced', 'min_samples_leaf': 9, 'n_estimators': 10, 'max_depth': 25}",0,0,82,2024-03-09 16:19:30.917681
83,83,0.46452278576949346,,"{'max_features': 'sqrt', 'class_weight': 'balanced', 'min_samples_leaf': 9, 'n_estimators': 10, 'max_depth': 30}",0,0,83,2024-03-09 16:19:31.002698
84,84,0.6469979296066253,,"{'max_features': 'sqrt', 'class_weight': 'balanced', 'min_samples_leaf': 9, 'n_estimators': 20, 'max_depth': 5}",0,0,84,2024-03-09 16:19:31.172299
85,85,0.6005700958752602,,"{'max_features': 'sqrt', 'class_weight': 'balanced', 'min_samples_leaf': 9, 'n_estimators': 20, 'max_depth': 10}",0,0,85,2024-03-09 16:19:31.380141
86,86,0.6775330905727992,,"{'max_features': 'sqrt', 'class_weight': 'balanced', 'min_samples_leaf': 9, 'n_estimators': 20, 'max_depth': 15}",0,0,86,2024-03-09 16:19:31.588714
87,87,0.6676156845735964,,"{'max_features': 'sqrt', 'class_weight': 'balanced', 'min_samples_leaf': 9, 'n_estimators': 20, 'max_depth': 20}",0,0,87,2024-03-09 16:19:31.752502
88,88,0.6392353165522502,,"{'max_features': 'sqrt', 'class_weight': 'balanced', 'min_samples_leaf': 9, 'n_estimators': 20, 'max_depth': 25}",0,0,88,2024-03-09 16:19:31.918675
89,89,0.5766070966070966,,"{'max_features': 'sqrt', 'class_weight': 'balanced', 'min_samples_leaf': 9, 'n_estimators': 20, 'max_depth': 30}",0,0,89,2024-03-09 16:19:32.175433
90,90,0.7092271502189342,,"{'max_features': 'sqrt', 'class_weight': 'balanced', 'min_samples_leaf': 9, 'n_estimators': 30, 'max_depth': 5}",0,0,90,2024-03-09 16:19:32.374197
91,91,0.7333415965441417,,"{'max_features': 'sqrt', 'class_weight': 'balanced', 'min_samples_leaf': 9, 'n_estimators': 30, 'max_depth': 10}",0,0,91,2024-03-09 16:19:32.666376
92,92,0.703405126778931,,"{'max_features': 'sqrt', 'class_weight': 'balanced', 'min_samples_leaf': 9, 'n_estimators': 30, 'max_depth': 15}",0,0,92,2024-03-09 16:19:33.049403
93,93,0.7002392025455398,,"{'max_features': 'sqrt', 'class_weight': 'balanced', 'min_samples_leaf': 9, 'n_estimators': 30, 'max_depth': 20}",0,0,93,2024-03-09 16:19:33.256730
94,94,0.6517586032388664,,"{'max_features': 'sqrt', 'class_weight': 'balanced', 'min_samples_leaf': 9, 'n_estimators': 30, 'max_depth': 25}",0,0,94,2024-03-09 16:19:33.469396
95,95,0.6984840232389252,,"{'max_features': 'sqrt', 'class_weight': 'balanced', 'min_samples_leaf': 9, 'n_estimators': 30, 'max_depth': 30}",0,0,95,2024-03-09 16:19:34.020620
96,96,0.7042050835343519,,"{'max_features': 'sqrt', 'class_weight': 'balanced', 'min_samples_leaf': 9, 'n_estimators': 40, 'max_depth': 5}",0,0,96,2024-03-09 16:19:34.608515
97,97,0.7123212201723239,,"{'max_features': 'sqrt', 'class_weight': 'balanced', 'min_samples_leaf': 9, 'n_estimators': 40, 'max_depth': 10}",0,0,97,2024-03-09 16:19:35.336700
98,98,0.7659503333218869,,"{'max_features': 'sqrt', 'class_weight': 'balanced', 'min_samples_leaf': 9, 'n_estimators': 40, 'max_depth': 15}",0,0,98,2024-03-09 16:19:35.871208
99,99,0.7091700130857058,,"{'max_features': 'sqrt', 'class_weight': 'balanced', 'min_samples_leaf': 9, 'n_estimators': 40, 'max_depth': 20}",0,0,99,2024-03-09 16:19:36.271192
100,100,0.7334143794453725,,"{'max_features': 'sqrt', 'class_weight': 'balanced', 'min_samples_leaf': 9, 'n_estimators': 40, 'max_depth': 25}",0,0,100,2024-03-09 16:19:36.748399
101,101,0.667350193665983,,"{'max_features': 'sqrt', 'class_weight': 'balanced', 'min_samples_leaf': 9, 'n_estimators': 40, 'max_depth': 30}",0,0,101,2024-03-09 16:19:37.254004
102,102,0.7373339248761989,,"{'max_features': 'sqrt', 'class_weight': 'balanced', 'min_samples_leaf': 9, 'n_estimators': 50, 'max_depth': 5}",0,0,102,2024-03-09 16:19:38.298629
103,103,0.6629346680716544,,"{'max_features': 'sqrt', 'class_weight': 'balanced', 'min_samples_leaf': 9, 'n_estimators': 50, 'max_depth': 10}",0,0,103,2024-03-09 16:19:39.766100
104,104,0.7044348011532733,,"{'max_features': 'sqrt', 'class_weight': 'balanced', 'min_samples_leaf': 9, 'n_estimators': 50, 'max_depth': 15}",0,0,104,2024-03-09 16:19:40.351624
105,105,0.7392038130705572,,"{'max_features': 'sqrt', 'class_weight': 'balanced', 'min_samples_leaf': 9, 'n_estimators': 50, 'max_depth': 20}",0,0,105,2024-03-09 16:19:40.773102
106,106,0.7417198955911306,,"{'max_features': 'sqrt', 'class_weight': 'balanced', 'min_samples_leaf': 9, 'n_estimators': 50, 'max_depth': 25}",0,0,106,2024-03-09 16:19:42.170370
107,107,0.7657016058455903,,"{'max_features': 'sqrt', 'class_weight': 'balanced', 'min_samples_leaf': 9, 'n_estimators': 50, 'max_depth': 30}",0,0,107,2024-03-09 16:19:43.515848
