,id,score,transform params,classifier params,ds_idx,trf_idx,clf_idx,ts
0,0,0.5156742550203839,,"{'max_features': 'sqrt', 'class_weight': 'balanced', 'min_samples_leaf': 1, 'n_estimators': 5, 'max_depth': 5}",0,0,0,2024-03-09 16:22:40.878567
1,1,0.449905377350264,,"{'max_features': 'sqrt', 'class_weight': 'balanced', 'min_samples_leaf': 1, 'n_estimators': 5, 'max_depth': 10}",0,0,1,2024-03-09 16:22:41.106897
2,2,0.4564523779892829,,"{'max_features': 'sqrt', 'class_weight': 'balanced', 'min_samples_leaf': 1, 'n_estimators': 5, 'max_depth': 15}",0,0,2,2024-03-09 16:22:41.313573
3,3,0.45611873599178754,,"{'max_features': 'sqrt', 'class_weight': 'balanced', 'min_samples_leaf': 1, 'n_estimators': 5, 'max_depth': 20}",0,0,3,2024-03-09 16:22:41.485898
4,4,0.471836180054917,,"{'max_features': 'sqrt', 'class_weight': 'balanced', 'min_samples_leaf': 1, 'n_estimators': 5, 'max_depth': 25}",0,0,4,2024-03-09 16:22:41.652647
5,5,0.4366147126446231,,"{'max_features': 'sqrt', 'class_weight': 'balanced', 'min_samples_leaf': 1, 'n_estimators': 5, 'max_depth': 30}",0,0,5,2024-03-09 16:22:41.826441
6,6,0.5830608348990702,,"{'max_features': 'sqrt', 'class_weight': 'balanced', 'min_samples_leaf': 1, 'n_estimators': 10, 'max_depth': 5}",0,0,6,2024-03-09 16:22:42.027913
7,7,0.515896775603257,,"{'max_features': 'sqrt', 'class_weight': 'balanced', 'min_samples_leaf': 1, 'n_estimators': 10, 'max_depth': 10}",0,0,7,2024-03-09 16:22:42.325265
8,8,0.51515894440573,,"{'max_features': 'sqrt', 'class_weight': 'balanced', 'min_samples_leaf': 1, 'n_estimators': 10, 'max_depth': 15}",0,0,8,2024-03-09 16:22:42.651579
9,9,0.5812952094432997,,"{'max_features': 'sqrt', 'class_weight': 'balanced', 'min_samples_leaf': 1, 'n_estimators': 10, 'max_depth': 20}",0,0,9,2024-03-09 16:22:42.990117
10,10,0.5074129763078423,,"{'max_features': 'sqrt', 'class_weight': 'balanced', 'min_samples_leaf': 1, 'n_estimators': 10, 'max_depth': 25}",0,0,10,2024-03-09 16:22:43.333378
11,11,0.5421816168327795,,"{'max_features': 'sqrt', 'class_weight': 'balanced', 'min_samples_leaf': 1, 'n_estimators': 10, 'max_depth': 30}",0,0,11,2024-03-09 16:22:43.680382
12,12,0.6069173142702554,,"{'max_features': 'sqrt', 'class_weight': 'balanced', 'min_samples_leaf': 1, 'n_estimators': 20, 'max_depth': 5}",0,0,12,2024-03-09 16:22:44.086992
13,13,0.6112198960479822,,"{'max_features': 'sqrt', 'class_weight': 'balanced', 'min_samples_leaf': 1, 'n_estimators': 20, 'max_depth': 10}",0,0,13,2024-03-09 16:22:44.702461
14,14,0.5870104077791518,,"{'max_features': 'sqrt', 'class_weight': 'balanced', 'min_samples_leaf': 1, 'n_estimators': 20, 'max_depth': 15}",0,0,14,2024-03-09 16:22:45.599265
15,15,0.5955308901964657,,"{'max_features': 'sqrt', 'class_weight': 'balanced', 'min_samples_leaf': 1, 'n_estimators': 20, 'max_depth': 20}",0,0,15,2024-03-09 16:22:46.997593
16,16,0.6039233024909796,,"{'max_features': 'sqrt', 'class_weight': 'balanced', 'min_samples_leaf': 1, 'n_estimators': 20, 'max_depth': 25}",0,0,16,2024-03-09 16:22:48.295576
17,17,0.5860825470926619,,"{'max_features': 'sqrt', 'class_weight': 'balanced', 'min_samples_leaf': 1, 'n_estimators': 20, 'max_depth': 30}",0,0,17,2024-03-09 16:22:49.589551
18,18,0.680311025972851,,"{'max_features': 'sqrt', 'class_weight': 'balanced', 'min_samples_leaf': 1, 'n_estimators': 30, 'max_depth': 5}",0,0,18,2024-03-09 16:22:50.747165
19,19,0.6853766592627812,,"{'max_features': 'sqrt', 'class_weight': 'balanced', 'min_samples_leaf': 1, 'n_estimators': 30, 'max_depth': 10}",0,0,19,2024-03-09 16:22:52.523201
20,20,0.6038226566658347,,"{'max_features': 'sqrt', 'class_weight': 'balanced', 'min_samples_leaf': 1, 'n_estimators': 30, 'max_depth': 15}",0,0,20,2024-03-09 16:22:54.392061
21,21,0.6964357618807439,,"{'max_features': 'sqrt', 'class_weight': 'balanced', 'min_samples_leaf': 1, 'n_estimators': 30, 'max_depth': 20}",0,0,21,2024-03-09 16:22:56.071561
22,22,0.6579281542010437,,"{'max_features': 'sqrt', 'class_weight': 'balanced', 'min_samples_leaf': 1, 'n_estimators': 30, 'max_depth': 25}",0,0,22,2024-03-09 16:22:57.308315
23,23,0.6724541337605876,,"{'max_features': 'sqrt', 'class_weight': 'balanced', 'min_samples_leaf': 1, 'n_estimators': 30, 'max_depth': 30}",0,0,23,2024-03-09 16:22:58.662066
24,24,0.664253359022425,,"{'max_features': 'sqrt', 'class_weight': 'balanced', 'min_samples_leaf': 1, 'n_estimators': 40, 'max_depth': 5}",0,0,24,2024-03-09 16:22:59.798068
25,25,0.7136589068825911,,"{'max_features': 'sqrt', 'class_weight': 'balanced', 'min_samples_leaf': 1, 'n_estimators': 40, 'max_depth': 10}",0,0,25,2024-03-09 16:23:01.155779
26,26,0.6675533384256371,,"{'max_features': 'sqrt', 'class_weight': 'balanced', 'min_samples_leaf': 1, 'n_estimators': 40, 'max_depth': 15}",0,0,26,2024-03-09 16:23:02.826650
27,27,0.6833754927380425,,"{'max_features': 'sqrt', 'class_weight': 'balanced', 'min_samples_leaf': 1, 'n_estimators': 40, 'max_depth': 20}",0,0,27,2024-03-09 16:23:04.533713
28,28,0.6848047791981445,,"{'max_features': 'sqrt', 'class_weight': 'balanced', 'min_samples_leaf': 1, 'n_estimators': 40, 'max_depth': 25}",0,0,28,2024-03-09 16:23:06.246837
29,29,0.6710797087148349,,"{'max_features': 'sqrt', 'class_weight': 'balanced', 'min_samples_leaf': 1, 'n_estimators': 40, 'max_depth': 30}",0,0,29,2024-03-09 16:23:07.385321
30,30,0.703901842146659,,"{'max_features': 'sqrt', 'class_weight': 'balanced', 'min_samples_leaf': 1, 'n_estimators': 50, 'max_depth': 5}",0,0,30,2024-03-09 16:23:08.161144
31,31,0.7306196455633562,,"{'max_features': 'sqrt', 'class_weight': 'balanced', 'min_samples_leaf': 1, 'n_estimators': 50, 'max_depth': 10}",0,0,31,2024-03-09 16:23:09.456577
32,32,0.7055649211749819,,"{'max_features': 'sqrt', 'class_weight': 'balanced', 'min_samples_leaf': 1, 'n_estimators': 50, 'max_depth': 15}",0,0,32,2024-03-09 16:23:11.116741
33,33,0.7298055649998403,,"{'max_features': 'sqrt', 'class_weight': 'balanced', 'min_samples_leaf': 1, 'n_estimators': 50, 'max_depth': 20}",0,0,33,2024-03-09 16:23:12.669578
34,34,0.6851280767947434,,"{'max_features': 'sqrt', 'class_weight': 'balanced', 'min_samples_leaf': 1, 'n_estimators': 50, 'max_depth': 25}",0,0,34,2024-03-09 16:23:14.299725
35,35,0.706800356256878,,"{'max_features': 'sqrt', 'class_weight': 'balanced', 'min_samples_leaf': 1, 'n_estimators': 50, 'max_depth': 30}",0,0,35,2024-03-09 16:23:16.623615
36,36,0.5139520644512496,,"{'max_features': 'sqrt', 'class_weight': 'balanced', 'min_samples_leaf': 5, 'n_estimators': 5, 'max_depth': 5}",0,0,36,2024-03-09 16:23:16.826269
37,37,0.49281225580316934,,"{'max_features': 'sqrt', 'class_weight': 'balanced', 'min_samples_leaf': 5, 'n_estimators': 5, 'max_depth': 10}",0,0,37,2024-03-09 16:23:17.126296
38,38,0.5273064298996643,,"{'max_features': 'sqrt', 'class_weight': 'balanced', 'min_samples_leaf': 5, 'n_estimators': 5, 'max_depth': 15}",0,0,38,2024-03-09 16:23:17.433786
39,39,0.464902731568646,,"{'max_features': 'sqrt', 'class_weight': 'balanced', 'min_samples_leaf': 5, 'n_estimators': 5, 'max_depth': 20}",0,0,39,2024-03-09 16:23:17.734388
40,40,0.49060386088168484,,"{'max_features': 'sqrt', 'class_weight': 'balanced', 'min_samples_leaf': 5, 'n_estimators': 5, 'max_depth': 25}",0,0,40,2024-03-09 16:23:18.032996
41,41,0.5135255512803673,,"{'max_features': 'sqrt', 'class_weight': 'balanced', 'min_samples_leaf': 5, 'n_estimators': 5, 'max_depth': 30}",0,0,41,2024-03-09 16:23:18.330905
42,42,0.5817500881479022,,"{'max_features': 'sqrt', 'class_weight': 'balanced', 'min_samples_leaf': 5, 'n_estimators': 10, 'max_depth': 5}",0,0,42,2024-03-09 16:23:18.734634
43,43,0.5971251206482734,,"{'max_features': 'sqrt', 'class_weight': 'balanced', 'min_samples_leaf': 5, 'n_estimators': 10, 'max_depth': 10}",0,0,43,2024-03-09 16:23:19.206304
44,44,0.5709937704315793,,"{'max_features': 'sqrt', 'class_weight': 'balanced', 'min_samples_leaf': 5, 'n_estimators': 10, 'max_depth': 15}",0,0,44,2024-03-09 16:23:19.628908
45,45,0.5831679847012895,,"{'max_features': 'sqrt', 'class_weight': 'balanced', 'min_samples_leaf': 5, 'n_estimators': 10, 'max_depth': 20}",0,0,45,2024-03-09 16:23:20.195157
46,46,0.574587182659459,,"{'max_features': 'sqrt', 'class_weight': 'balanced', 'min_samples_leaf': 5, 'n_estimators': 10, 'max_depth': 25}",0,0,46,2024-03-09 16:23:20.777407
47,47,0.5405413006496639,,"{'max_features': 'sqrt', 'class_weight': 'balanced', 'min_samples_leaf': 5, 'n_estimators': 10, 'max_depth': 30}",0,0,47,2024-03-09 16:23:21.350643
48,48,0.5970747285130236,,"{'max_features': 'sqrt', 'class_weight': 'balanced', 'min_samples_leaf': 5, 'n_estimators': 20, 'max_depth': 5}",0,0,48,2024-03-09 16:23:22.118203
49,49,0.6337762025700314,,"{'max_features': 'sqrt', 'class_weight': 'balanced', 'min_samples_leaf': 5, 'n_estimators': 20, 'max_depth': 10}",0,0,49,2024-03-09 16:23:22.946371
50,50,0.6575166655706205,,"{'max_features': 'sqrt', 'class_weight': 'balanced', 'min_samples_leaf': 5, 'n_estimators': 20, 'max_depth': 15}",0,0,50,2024-03-09 16:23:23.581930
51,51,0.6428379346245762,,"{'max_features': 'sqrt', 'class_weight': 'balanced', 'min_samples_leaf': 5, 'n_estimators': 20, 'max_depth': 20}",0,0,51,2024-03-09 16:23:24.552252
52,52,0.6322325875284766,,"{'max_features': 'sqrt', 'class_weight': 'balanced', 'min_samples_leaf': 5, 'n_estimators': 20, 'max_depth': 25}",0,0,52,2024-03-09 16:23:25.159001
53,53,0.6414099279341157,,"{'max_features': 'sqrt', 'class_weight': 'balanced', 'min_samples_leaf': 5, 'n_estimators': 20, 'max_depth': 30}",0,0,53,2024-03-09 16:23:25.900933
54,54,0.6697192372714107,,"{'max_features': 'sqrt', 'class_weight': 'balanced', 'min_samples_leaf': 5, 'n_estimators': 30, 'max_depth': 5}",0,0,54,2024-03-09 16:23:26.658370
55,55,0.6730256919494696,,"{'max_features': 'sqrt', 'class_weight': 'balanced', 'min_samples_leaf': 5, 'n_estimators': 30, 'max_depth': 10}",0,0,55,2024-03-09 16:23:27.809759
56,56,0.6912060187401229,,"{'max_features': 'sqrt', 'class_weight': 'balanced', 'min_samples_leaf': 5, 'n_estimators': 30, 'max_depth': 15}",0,0,56,2024-03-09 16:23:28.962474
57,57,0.7031160663236135,,"{'max_features': 'sqrt', 'class_weight': 'balanced', 'min_samples_leaf': 5, 'n_estimators': 30, 'max_depth': 20}",0,0,57,2024-03-09 16:23:30.355159
58,58,0.6737416053926403,,"{'max_features': 'sqrt', 'class_weight': 'balanced', 'min_samples_leaf': 5, 'n_estimators': 30, 'max_depth': 25}",0,0,58,2024-03-09 16:23:31.503471
59,59,0.696038515246948,,"{'max_features': 'sqrt', 'class_weight': 'balanced', 'min_samples_leaf': 5, 'n_estimators': 30, 'max_depth': 30}",0,0,59,2024-03-09 16:23:33.039566
60,60,0.6827266947339117,,"{'max_features': 'sqrt', 'class_weight': 'balanced', 'min_samples_leaf': 5, 'n_estimators': 40, 'max_depth': 5}",0,0,60,2024-03-09 16:23:33.769874
61,61,0.7095563119113845,,"{'max_features': 'sqrt', 'class_weight': 'balanced', 'min_samples_leaf': 5, 'n_estimators': 40, 'max_depth': 10}",0,0,61,2024-03-09 16:23:34.657330
62,62,0.7086813757374505,,"{'max_features': 'sqrt', 'class_weight': 'balanced', 'min_samples_leaf': 5, 'n_estimators': 40, 'max_depth': 15}",0,0,62,2024-03-09 16:23:35.656356
63,63,0.721467214596314,,"{'max_features': 'sqrt', 'class_weight': 'balanced', 'min_samples_leaf': 5, 'n_estimators': 40, 'max_depth': 20}",0,0,63,2024-03-09 16:23:36.706536
64,64,0.7149188406205476,,"{'max_features': 'sqrt', 'class_weight': 'balanced', 'min_samples_leaf': 5, 'n_estimators': 40, 'max_depth': 25}",0,0,64,2024-03-09 16:23:37.770846
65,65,0.7059782320914806,,"{'max_features': 'sqrt', 'class_weight': 'balanced', 'min_samples_leaf': 5, 'n_estimators': 40, 'max_depth': 30}",0,0,65,2024-03-09 16:23:38.844605
66,66,0.7214525516213566,,"{'max_features': 'sqrt', 'class_weight': 'balanced', 'min_samples_leaf': 5, 'n_estimators': 50, 'max_depth': 5}",0,0,66,2024-03-09 16:23:39.763868
67,67,0.7383431300161667,,"{'max_features': 'sqrt', 'class_weight': 'balanced', 'min_samples_leaf': 5, 'n_estimators': 50, 'max_depth': 10}",0,0,67,2024-03-09 16:23:41.086084
68,68,0.7209733335262996,,"{'max_features': 'sqrt', 'class_weight': 'balanced', 'min_samples_leaf': 5, 'n_estimators': 50, 'max_depth': 15}",0,0,68,2024-03-09 16:23:42.301616
69,69,0.7323175001594677,,"{'max_features': 'sqrt', 'class_weight': 'balanced', 'min_samples_leaf': 5, 'n_estimators': 50, 'max_depth': 20}",0,0,69,2024-03-09 16:23:43.688017
70,70,0.7543744621075805,,"{'max_features': 'sqrt', 'class_weight': 'balanced', 'min_samples_leaf': 5, 'n_estimators': 50, 'max_depth': 25}",0,0,70,2024-03-09 16:23:45.083559
71,71,0.7502807934745107,,"{'max_features': 'sqrt', 'class_weight': 'balanced', 'min_samples_leaf': 5, 'n_estimators': 50, 'max_depth': 30}",0,0,71,2024-03-09 16:23:46.835336
72,72,0.4494983974959703,,"{'max_features': 'sqrt', 'class_weight': 'balanced', 'min_samples_leaf': 9, 'n_estimators': 5, 'max_depth': 5}",0,0,72,2024-03-09 16:23:46.954674
73,73,0.5195567906297321,,"{'max_features': 'sqrt', 'class_weight': 'balanced', 'min_samples_leaf': 9, 'n_estimators': 5, 'max_depth': 10}",0,0,73,2024-03-09 16:23:47.109295
74,74,0.5361669736541261,,"{'max_features': 'sqrt', 'class_weight': 'balanced', 'min_samples_leaf': 9, 'n_estimators': 5, 'max_depth': 15}",0,0,74,2024-03-09 16:23:47.267394
75,75,0.5141846474423606,,"{'max_features': 'sqrt', 'class_weight': 'balanced', 'min_samples_leaf': 9, 'n_estimators': 5, 'max_depth': 20}",0,0,75,2024-03-09 16:23:47.432983
76,76,0.5002228563632295,,"{'max_features': 'sqrt', 'class_weight': 'balanced', 'min_samples_leaf': 9, 'n_estimators': 5, 'max_depth': 25}",0,0,76,2024-03-09 16:23:47.595115
77,77,0.47809614193203503,,"{'max_features': 'sqrt', 'class_weight': 'balanced', 'min_samples_leaf': 9, 'n_estimators': 5, 'max_depth': 30}",0,0,77,2024-03-09 16:23:47.734845
78,78,0.5591328238312662,,"{'max_features': 'sqrt', 'class_weight': 'balanced', 'min_samples_leaf': 9, 'n_estimators': 10, 'max_depth': 5}",0,0,78,2024-03-09 16:23:47.935409
79,79,0.5784878917639162,,"{'max_features': 'sqrt', 'class_weight': 'balanced', 'min_samples_leaf': 9, 'n_estimators': 10, 'max_depth': 10}",0,0,79,2024-03-09 16:23:48.205779
80,80,0.5840978704001716,,"{'max_features': 'sqrt', 'class_weight': 'balanced', 'min_samples_leaf': 9, 'n_estimators': 10, 'max_depth': 15}",0,0,80,2024-03-09 16:23:48.576480
81,81,0.6002866171317409,,"{'max_features': 'sqrt', 'class_weight': 'balanced', 'min_samples_leaf': 9, 'n_estimators': 10, 'max_depth': 20}",0,0,81,2024-03-09 16:23:49.140775
82,82,0.6051006382596547,,"{'max_features': 'sqrt', 'class_weight': 'balanced', 'min_samples_leaf': 9, 'n_estimators': 10, 'max_depth': 25}",0,0,82,2024-03-09 16:23:49.727235
83,83,0.5750274197080951,,"{'max_features': 'sqrt', 'class_weight': 'balanced', 'min_samples_leaf': 9, 'n_estimators': 10, 'max_depth': 30}",0,0,83,2024-03-09 16:23:50.349932
84,84,0.6347804158343962,,"{'max_features': 'sqrt', 'class_weight': 'balanced', 'min_samples_leaf': 9, 'n_estimators': 20, 'max_depth': 5}",0,0,84,2024-03-09 16:23:51.136867
85,85,0.6712767884488043,,"{'max_features': 'sqrt', 'class_weight': 'balanced', 'min_samples_leaf': 9, 'n_estimators': 20, 'max_depth': 10}",0,0,85,2024-03-09 16:23:52.151338
86,86,0.677998729856315,,"{'max_features': 'sqrt', 'class_weight': 'balanced', 'min_samples_leaf': 9, 'n_estimators': 20, 'max_depth': 15}",0,0,86,2024-03-09 16:23:53.541731
87,87,0.6906986510587234,,"{'max_features': 'sqrt', 'class_weight': 'balanced', 'min_samples_leaf': 9, 'n_estimators': 20, 'max_depth': 20}",0,0,87,2024-03-09 16:23:55.227653
88,88,0.6669253386852622,,"{'max_features': 'sqrt', 'class_weight': 'balanced', 'min_samples_leaf': 9, 'n_estimators': 20, 'max_depth': 25}",0,0,88,2024-03-09 16:23:56.506315
89,89,0.6275731066505582,,"{'max_features': 'sqrt', 'class_weight': 'balanced', 'min_samples_leaf': 9, 'n_estimators': 20, 'max_depth': 30}",0,0,89,2024-03-09 16:23:57.275708
90,90,0.7033496176426677,,"{'max_features': 'sqrt', 'class_weight': 'balanced', 'min_samples_leaf': 9, 'n_estimators': 30, 'max_depth': 5}",0,0,90,2024-03-09 16:23:58.307056
91,91,0.7374151856099671,,"{'max_features': 'sqrt', 'class_weight': 'balanced', 'min_samples_leaf': 9, 'n_estimators': 30, 'max_depth': 10}",0,0,91,2024-03-09 16:23:59.647438
92,92,0.6973097851580824,,"{'max_features': 'sqrt', 'class_weight': 'balanced', 'min_samples_leaf': 9, 'n_estimators': 30, 'max_depth': 15}",0,0,92,2024-03-09 16:24:01.317263
93,93,0.7134575525328488,,"{'max_features': 'sqrt', 'class_weight': 'balanced', 'min_samples_leaf': 9, 'n_estimators': 30, 'max_depth': 20}",0,0,93,2024-03-09 16:24:03.795655
94,94,0.7436997918620192,,"{'max_features': 'sqrt', 'class_weight': 'balanced', 'min_samples_leaf': 9, 'n_estimators': 30, 'max_depth': 25}",0,0,94,2024-03-09 16:24:05.986046
95,95,0.6783107760569328,,"{'max_features': 'sqrt', 'class_weight': 'balanced', 'min_samples_leaf': 9, 'n_estimators': 30, 'max_depth': 30}",0,0,95,2024-03-09 16:24:08.692321
96,96,0.6977849112729726,,"{'max_features': 'sqrt', 'class_weight': 'balanced', 'min_samples_leaf': 9, 'n_estimators': 40, 'max_depth': 5}",0,0,96,2024-03-09 16:24:10.895952
97,97,0.7169583812688038,,"{'max_features': 'sqrt', 'class_weight': 'balanced', 'min_samples_leaf': 9, 'n_estimators': 40, 'max_depth': 10}",0,0,97,2024-03-09 16:24:13.305937
98,98,0.7297986729452319,,"{'max_features': 'sqrt', 'class_weight': 'balanced', 'min_samples_leaf': 9, 'n_estimators': 40, 'max_depth': 15}",0,0,98,2024-03-09 16:24:15.417017
99,99,0.7190922099674647,,"{'max_features': 'sqrt', 'class_weight': 'balanced', 'min_samples_leaf': 9, 'n_estimators': 40, 'max_depth': 20}",0,0,99,2024-03-09 16:24:17.257735
100,100,0.7176414637610199,,"{'max_features': 'sqrt', 'class_weight': 'balanced', 'min_samples_leaf': 9, 'n_estimators': 40, 'max_depth': 25}",0,0,100,2024-03-09 16:24:19.678196
101,101,0.718322326338716,,"{'max_features': 'sqrt', 'class_weight': 'balanced', 'min_samples_leaf': 9, 'n_estimators': 40, 'max_depth': 30}",0,0,101,2024-03-09 16:24:25.038133
102,102,0.6969433349279996,,"{'max_features': 'sqrt', 'class_weight': 'balanced', 'min_samples_leaf': 9, 'n_estimators': 50, 'max_depth': 5}",0,0,102,2024-03-09 16:24:29.115610
103,103,0.7530203178189445,,"{'max_features': 'sqrt', 'class_weight': 'balanced', 'min_samples_leaf': 9, 'n_estimators': 50, 'max_depth': 10}",0,0,103,2024-03-09 16:24:32.439188
104,104,0.7392310951815848,,"{'max_features': 'sqrt', 'class_weight': 'balanced', 'min_samples_leaf': 9, 'n_estimators': 50, 'max_depth': 15}",0,0,104,2024-03-09 16:24:36.189131
105,105,0.7388140911076689,,"{'max_features': 'sqrt', 'class_weight': 'balanced', 'min_samples_leaf': 9, 'n_estimators': 50, 'max_depth': 20}",0,0,105,2024-03-09 16:24:39.380975
106,106,0.7561483911448437,,"{'max_features': 'sqrt', 'class_weight': 'balanced', 'min_samples_leaf': 9, 'n_estimators': 50, 'max_depth': 25}",0,0,106,2024-03-09 16:24:42.021042
107,107,0.7100133609952934,,"{'max_features': 'sqrt', 'class_weight': 'balanced', 'min_samples_leaf': 9, 'n_estimators': 50, 'max_depth': 30}",0,0,107,2024-03-09 16:24:44.408506
